,0,1,2,3,4,5
0,-0.14426573426573458,1385,343,43840,168,0
1,-0.20321678321678374,317,14,43841,0,0
2,-0.16918414918414962,1716,34,43841,409,0
3,-0.16300699300699345,804,256,43841,61,0
4,-0.23771561771561833,-734,264,43841,88,0
5,-2.762890442890451,1110,103,43842,275,0
6,0.37510489510489564,-1024,220,43842,0,0
7,2.8656643356643436,-281,268,43842,29,0
8,4.708787878787891,-1347,201,43843,410,0
9,5.69447552447554,-600,235,43843,451,0
10,6.09272727272729,18371,317,43843,3,108
11,5.746573426573443,-733,348,43843,359,0
12,4.693776223776236,966,219,43844,0,0
13,2.9934498834498915,450,295,43844,288,0
14,0.5843822843822855,-1501,309,43844,0,0
15,-2.5565034965035043,808,91,43845,398,0
16,0.19860139860139914,1004,168,43845,39,0
17,0.1671561771561776,-927,258,43846,0,0
18,0.31983682983683065,763,296,43846,0,0
19,-2.054848484848491,-4017,332,43846,0,0
20,1.1691608391608417,1181,156,43847,0,0
21,3.526293706293716,-1763,174,43847,48,0
22,2.648228438228444,-3432,144,43848,0,0
23,6.918601398601417,2424,185,43848,0,0
24,9.584568764568791,17240,325,43848,3,109
25,8.553682983683006,-796,131,43849,0,0
26,11.556713286713318,-416,262,43849,0,0
27,12.542494172494207,19459,294,43849,4,110
28,11.493869463869494,-1919,301,43849,171,0
29,8.356666666666689,2526,351,43849,0,0
30,6.657715617715636,20234,300,43850,3,110
31,6.900722610722628,-1418,174,43851,0,0
32,5.291724941724955,-855,226,43851,315,0
33,7.8862237762237966,354,240,43851,349,0
34,6.321561771561789,951,253,43851,154,0
35,3.606293706293716,19455,296,43851,4,102
36,5.785874125874142,-500,35,43852,0,0
37,4.849627039627052,848,143,43852,189,0
38,3.272237762237771,1310,324,43852,135,0
39,0.7586247086247101,494,64,43853,0,0
40,-2.4361072261072336,-1318,117,43853,0,0
41,0.2686480186480194,-3049,310,43853,317,0
42,0.337995337995339,715,319,43853,0,0
43,0.3724941724941735,647,12,43854,0,0
44,0.24522144522144593,574,59,43854,0,0
45,-0.0008158508158508382,580,204,43854,0,0
46,0.08706293706293726,-776,105,43855,8,0
47,0.1016317016317019,1104,175,43855,0,0
48,0.16993006993007037,-1840,294,43855,463,0
49,-2.444965034965043,448,61,43856,192,0
50,0.8868298368298386,478,101,43856,0,0
51,3.3804195804195896,-2128,107,43856,0,0
52,5.056783216783231,3950,142,43856,0,0
53,6.185920745920764,2061,207,43856,0,0
54,6.453776223776242,16797,324,43856,3,109
55,5.988531468531484,-1046,189,43857,316,0
56,5.219277389277402,2937,25,43858,0,0
57,3.5202097902097997,-1710,45,43858,211,0
58,1.0373426573426596,711,74,43858,0,0
59,-2.0780652680652754,753,160,43858,0,0
60,0.42459207459207576,1763,165,43858,0,1
61,0.17657342657342706,2571,321,43858,0,0
62,-2.5282051282051357,-1749,116,43859,0,0
63,0.42934731934731996,813,201,43860,322,0
64,2.5647785547785613,1523,280,43860,0,0
65,4.345664335664348,1656,5,43861,0,0
66,5.606829836829852,-2780,107,43861,5,0
67,5.957435897435914,17683,330,43861,3,108
68,5.886550116550133,452,5,43862,0,0
69,4.952307692307706,-2015,47,43862,0,0
70,3.2825174825174916,-2289,151,43862,0,0
71,0.9852214452214474,1634,315,43862,0,0
72,-2.0899533799533865,-1179,290,43863,0,0
73,0.3827505827505838,-503,0,43864,81,0
74,0.17121212121212165,348,126,43864,0,0
75,0.16116550116550163,1828,299,43864,0,0
76,-0.01599067599067605,1389,69,43865,389,0
77,-0.0930303030303033,808,265,43865,457,0
78,-0.23312354312354377,1050,352,43865,0,0
79,-0.3089743589743599,-1444,79,43866,290,0
80,-2.6374125874125953,-1220,27,43867,161,0
81,0.6755011655011669,5354,29,43867,0,0
82,3.238298368298377,-1406,96,43867,170,0
83,4.938321678321691,-1284,149,43867,0,0
84,6.018508158508175,-1431,329,43867,0,0
85,6.185780885780903,16248,331,43867,3,101
86,5.6952447552447705,317,28,43868,0,0
87,4.691864801864814,-1001,35,43868,40,0
88,3.033822843822852,811,99,43868,0,0
89,0.7211188811188826,-1473,136,43868,417,0
90,-2.2084848484848556,1428,145,43868,0,0
91,0.483682983682985,-700,210,43868,0,0
92,0.45573426573426695,-719,253,43868,0,0
93,0.36927738927739023,-594,327,43868,284,0
94,0.44736596736596856,-329,69,43870,0,0
95,0.3438927738927748,1116,79,43870,0,0
96,0.2979720279720287,-2041,83,43870,411,0
97,0.5141491841491855,-1613,141,43870,0,0
98,-1.7752447552447612,-511,48,43871,0,0
99,1.1343356643356668,888,182,43871,0,0
100,3.5093939393939486,-1241,350,43871,0,0
101,5.251701631701646,-1371,58,43872,0,0
102,6.187132867132885,-3309,248,43872,258,0
103,6.368717948717967,14873,334,43872,3,109
104,5.91347319347321,-636,333,43873,0,0
105,4.9257109557109695,1864,78,43874,0,0
106,3.3503962703962795,405,224,43874,0,0
107,1.1086713286713312,1509,31,43875,0,0
108,-2.087925407925415,-1059,332,43875,0,0
109,-2.0218414918414984,-1484,220,43876,0,0
110,1.2311655011655038,-1192,342,43876,0,0
111,3.588158508158518,995,0,43877,490,0
112,5.30634032634034,4889,31,43877,0,0
113,6.273939393939411,-909,124,43877,0,0
114,6.55305361305363,17613,333,43877,3,109
115,3.7051515151515244,427,132,43878,449,0
116,5.659930069930085,3123,348,43879,0,0
117,6.112983682983699,-1940,8,43881,0,0
118,5.48557109557111,-458,126,43881,215,0
119,3.5365034965035056,-1549,227,43881,400,0
120,6.3394172494172665,15959,335,43881,3,101
121,5.995244755244772,-2706,101,43883,0,0
122,5.041608391608405,426,190,43883,0,0
123,0.9916083916083933,1222,74,43884,0,0
124,1.4493006993007025,-1750,78,43884,267,0
125,0.47540792540792565,-2979,136,43884,0,0
126,4.333216783216795,-1803,301,43884,30,0
127,5.3294638694638845,-431,158,43885,423,0
128,5.6956410256410415,18475,334,43885,3,108
129,5.161748251748266,-1321,345,43885,474,0
130,4.273962703962715,-744,88,43886,468,0
131,2.7264102564102637,992,149,43887,0,0
132,0.5811888111888123,-454,64,43888,340,0
133,-2.4247319347319416,-385,155,43888,8,0
134,0.03913752913752927,1911,357,43888,0,0
135,-2.264918414918422,776,23,43889,303,0
136,0.8545454545454565,1686,23,43889,0,0
137,3.206060606060615,-1887,110,43889,235,0
138,4.994172494172508,-1073,331,43889,0,0
139,5.839883449883466,751,265,43890,0,0
140,6.41258741258743,17427,332,43890,3,109
141,5.921934731934749,-1931,97,43891,98,0
142,5.073193473193487,809,149,43891,0,0
143,3.1610955710955797,-748,179,43891,246,0
144,0.8909090909090929,710,251,43891,0,0
145,-2.1796037296037367,-527,267,43891,44,0
146,0.30906759906759995,2470,140,43892,0,0
147,0.13424242424242464,-1175,141,43892,299,0
148,0.2078787878787884,478,202,43892,0,0
149,-2.493263403263411,384,253,43892,436,0
150,0.5737529137529148,1842,17,43893,0,0
151,2.895897435897443,-2365,19,43893,345,0
152,4.672214452214464,-1594,51,43894,353,0
153,5.439487179487195,-1004,144,43895,116,0
154,5.80417249417251,17296,334,43895,3,109
155,5.508741258741273,-2318,210,43896,0,0
156,4.84766899766901,-569,256,43896,181,0
157,3.436969696969706,343,327,43896,342,0
158,1.3045920745920776,507,99,43897,0,0
159,-1.661701631701637,2370,164,43897,0,0
160,0.8287412587412609,-1532,288,43897,0,0
161,1.1337296037296067,367,292,43898,0,0
162,-1.3706759906759953,-1358,111,43899,0,0
163,1.4355011655011687,2332,187,43899,0,0
164,3.6280186480186574,223,258,43899,0,0
165,5.169603729603744,2089,60,43900,0,0
166,5.886620046620063,965,85,43900,0,0
167,6.17296037296039,18466,332,43900,3,101
168,5.7303962703962865,-593,352,43900,345,0
169,4.48785547785549,-701,194,43901,0,0
170,2.7083682983683057,-868,166,43902,8,0
171,0.61895104895105,475,166,43902,0,0
172,-2.4591142191142272,-1929,288,43902,255,0
173,0.1514685314685319,1245,306,43902,284,0
174,0.12072261072261105,-1321,281,43903,0,0
175,0.00011655011655008684,682,286,43903,0,0
176,-2.5044055944056027,-2141,340,43903,92,0
177,0.8546853146853166,-1483,97,43904,0,0
178,3.390372960372969,-2750,243,43904,162,0
179,5.094475524475538,1534,96,43905,0,0
180,3.7937762237762334,-3411,290,43905,0,0
181,7.564032634032655,17725,315,43905,3,108
182,9.498671328671355,-1056,339,43905,0,0
183,10.282237762237791,1440,25,43906,0,0
184,9.52466200466203,681,268,43906,0,0
185,7.356223776223797,17158,295,43906,4,102
186,1.269627039627041,-1942,34,43907,367,0
187,5.798881118881134,1128,70,43907,0,0
188,6.491515151515169,-378,122,43907,0,0
189,5.564125874125889,944,220,43907,93,0
190,3.620396270396279,602,262,43907,0,0
191,6.541585081585099,19586,298,43907,4,110
192,6.000909090909108,1717,133,43908,286,0
193,4.842983682983696,-2762,166,43908,125,0
194,3.2096270396270477,-901,236,43908,0,0
195,0.7138228438228453,-1236,194,43910,285,0
196,-2.5765034965035047,-1251,240,43910,238,0
197,-0.1649650349650354,-1028,260,43910,427,0
198,-2.682214452214461,2330,329,43910,0,0
199,0.29286713286713306,2852,103,43911,0,0
200,2.937039627039635,1771,134,43911,273,0
201,4.8981118881119015,-819,148,43911,20,0
202,6.074219114219131,-1601,183,43911,0,0
203,6.329254079254096,18457,334,43911,3,101
204,6.12424242424244,1643,5,43912,0,0
205,2.732540792540799,3623,101,43912,0,0
206,4.017179487179497,3363,179,43912,0,0
207,3.9189510489510586,-489,272,43915,114,0
208,2.5659207459207525,603,38,43916,0,0
209,6.230815850815868,773,230,43916,0,0
210,6.68125874125876,17539,327,43916,3,109
211,6.41261072261074,2062,355,43916,0,0
212,5.205174825174839,-444,39,43917,0,0
213,3.350046620046629,-1851,94,43917,0,0
214,0.8151748251748268,568,121,43917,292,0
215,-2.3533799533799606,-766,124,43917,308,0
216,-0.22144522144522208,-1661,219,43917,9,0
217,-0.18883449883449935,-608,220,43917,0,0
218,-0.2912820512820521,-2330,248,43917,448,0
219,-0.004358974358974366,-2403,286,43917,486,0
220,0.047738927738927885,950,30,43918,87,0
221,0.037249417249417355,586,70,43918,0,0
222,-0.06799533799533819,-861,121,43918,42,0
223,-0.03559440559440569,-894,194,43918,0,0
224,0.17011655011655058,3439,202,43918,0,0
225,0.23107226107226173,-906,45,43919,284,0
226,0.12629370629370662,801,61,43919,396,0
227,0.06195804195804214,-1949,65,43919,0,0
228,-2.484405594405602,446,173,43919,0,0
229,0.8915617715617736,2636,246,43919,0,0
230,3.300769230769239,-1790,266,43919,248,0
231,4.942261072261086,-594,318,43920,210,0
232,5.64379953379955,-255,63,43921,0,0
233,5.891468531468548,16294,323,43921,3,101
234,5.8443589743589905,591,52,43922,40,0
235,4.728764568764581,-2211,184,43922,48,0
236,2.987762237762246,1023,214,43922,0,0
237,0.5091142191142198,374,122,43923,0,0
238,-2.382144522144529,-2890,145,43923,0,0
239,0.31424242424242504,-1883,54,43924,144,0
240,0.3841958041958052,-1115,182,43924,0,0
241,0.5619580419580434,-252,253,43924,0,0
242,-1.716340326340332,-945,101,43925,0,0
243,1.3574358974359009,-1734,272,43925,0,0
244,1.2911188811188836,461,31,43926,0,0
245,5.956037296037312,-367,95,43926,0,0
246,6.788088578088596,-663,249,43926,0,0
247,11.716969696969729,16016,340,43926,3,101
248,14.599463869463907,881,73,43927,0,0
249,15.401538461538504,17746,297,43927,4,109
250,14.199300699300737,-764,76,43928,71,0
251,11.070862470862503,17843,294,43928,4,109
252,6.140885780885797,346,88,43929,55,0
253,5.08666666666668,1465,138,43929,280,0
254,0.3421212121212122,844,142,43929,109,0
255,0.5317249417249428,1574,39,43930,461,0
256,-2.6448251748251828,-912,99,43930,0,0
257,-0.07142191142191158,-1023,121,43930,328,0
258,-0.06897435897435912,-899,169,43930,396,0
259,-0.14181818181818218,1614,328,43930,0,0
260,-0.25790209790209856,614,83,43931,312,0
261,-0.46825174825174953,-3051,85,43931,0,0
262,-0.21885780885780942,-1576,86,43931,6,0
263,-0.2621911421911429,-765,253,43931,341,0
264,-0.13503496503496537,-406,232,43932,268,0
265,-0.1724242424242429,1719,243,43932,0,0
266,-2.636736596736605,1024,25,43933,0,0
267,0.8387645687645706,2851,229,43933,0,0
268,3.410442890442899,668,274,43933,0,0
269,5.078298368298382,-495,295,43933,0,0
270,5.966317016317033,659,300,43933,0,0
271,6.392074592074611,18237,322,43933,3,109
272,6.077272727272744,2194,6,43934,377,0
273,5.042890442890457,732,81,43934,0,0
274,3.392983682983692,605,177,43934,0,0
275,0.7482517482517498,-530,162,43935,0,0
276,-2.3375524475524556,-813,254,43935,45,0
277,0.17792540792540842,1058,337,43935,0,0
278,-0.06797202797202817,510,285,43936,22,0
279,-0.1895337995338001,675,107,43937,0,0
280,-0.26076923076923153,-472,245,43937,296,0
281,-2.5890909090909173,-1103,262,43937,252,0
282,0.3406526806526811,2736,323,43937,0,0
283,2.95205128205129,1947,226,43938,0,0
284,4.69692307692309,-603,315,43938,313,0
285,5.596247086247102,-778,332,43938,471,0
286,5.9408857808857976,15958,335,43938,3,109
287,5.5741258741258894,-529,99,43939,0,0
288,4.650116550116562,-388,150,43939,366,0
289,3.153706293706302,1676,174,43939,341,0
290,0.663636363636365,1042,263,43939,0,0
291,-2.4498601398601476,-449,115,43940,0,0
292,0.06074592074592089,1142,268,43940,0,0
293,0.2545687645687652,-755,285,43940,372,0
294,0.39629370629370736,-717,72,43941,0,0
295,0.21298368298368353,-1523,96,43941,0,0
296,0.3061072261072269,-908,126,43941,0,0
297,0.5165734265734281,-705,237,43941,0,0
298,0.5114452214452229,641,272,43941,0,0
299,-2.0222144522144587,-666,89,43942,335,0
300,1.0813986013986039,602,147,43942,0,0
301,3.386643356643366,384,195,43942,0,0
302,5.194685314685329,896,240,43942,335,0
303,3.9134498834498936,-341,246,43942,0,0
304,4.855874125874138,18803,322,43942,3,108
305,9.686666666666692,638,74,43943,14,0
306,12.902843822843858,615,165,43943,0,0
307,11.386177156177187,1267,263,43943,0,0
308,13.176876456876492,17558,297,43943,4,103
309,12.499487179487215,19332,294,43944,3,108
310,15.471981351981395,-1705,10,43945,0,0
311,13.629114219114257,2267,62,43945,472,0
312,10.053566433566461,17532,294,43945,4,110
313,4.255897435897446,-1062,306,43945,0,425
314,0.10986013986013868,2798,348,43947,0,0
315,3.8500466200466295,2214,150,43948,0,0
316,1.34806526806527,1931,223,43948,451,451
317,2.8932867132867197,-635,346,43948,34,0
318,8.663776223776246,1401,358,43948,0,0
319,10.539184149184178,14664,346,43949,3,101
320,11.246153846153877,1616,170,43950,0,0
321,10.55988344988348,17369,297,43950,3,101
322,8.58678321678324,-622,304,43950,397,0
323,5.097972027972041,760,89,43951,39,0
324,0.30344988344988333,2063,150,43951,0,0
325,0.4056410256410262,-1067,212,43951,380,0
326,-2.80097902097903,1571,176,43952,445,0
327,-0.30902097902097986,-1983,67,43953,68,0
328,-0.08606060606060631,-292,229,43953,445,0
329,-0.0055244755244755195,1792,255,43953,0,0
330,0.10671328671328695,-621,16,43954,292,0
331,-2.30270396270397,1613,20,43954,0,0
332,0.9550116550116572,488,23,43954,0,0
333,3.440116550116559,1198,324,43954,404,0
334,5.280792540792555,-687,131,43955,230,0
335,6.40303030303032,-1342,264,43955,0,0
336,6.52193473193475,20311,320,43955,3,101
337,6.096526806526823,-823,329,43956,0,0
338,5.202820512820527,-1015,265,43957,0,0
339,3.33128205128206,-2959,201,43958,277,0
340,-1.5501631701631755,375,331,43958,110,0
341,-1.5048484848484902,886,126,43959,0,0
342,3.4682051282051374,410,245,43959,0,0
343,5.079976689976704,-1233,279,43959,0,0
344,6.215034965034982,-522,162,43960,0,0
345,6.408275058275076,16016,333,43960,3,101
346,5.73370629370631,770,32,43961,392,0
347,4.603146853146866,2146,98,43961,410,0
348,2.7375291375291444,-965,210,43961,0,0
349,0.36174825174825215,1907,281,43961,58,0
350,-2.5721678321678403,610,331,43961,0,0
351,-0.11762237762237794,1582,359,43961,0,0
352,-0.0883449883449886,-1679,30,43962,279,0
353,0.01829836829836834,1029,127,43962,0,0
354,0.2023076923076929,-3558,243,43963,190,0
355,0.19368298368298423,2961,278,43963,395,0
356,0.07550116550116576,1475,305,43963,0,0
357,-0.025314685314685358,-873,339,43963,0,0
358,-0.10876456876456905,1071,34,43964,41,0
359,-2.67135198135199,-2719,40,43964,29,0
360,-2.0321678321678394,2117,78,43965,311,0
361,3.3605827505827595,1634,98,43965,0,0
362,7.472004662004681,-1076,66,43966,0,0
363,10.43200466200469,756,220,43966,0,0
364,11.781561771561805,18313,314,43966,3,109
365,9.399067599067624,16760,297,43967,4,110
366,11.034172494172523,1194,107,43968,67,0
367,10.534428904428934,-731,155,43968,0,0
368,8.442564102564125,-1662,253,43968,278,0
369,3.962400932400942,410,263,43968,0,0
370,3.9317482517482616,19403,297,43968,4,110
371,6.108438228438246,-367,39,43969,0,0
372,5.121631701631715,-1586,300,43969,0,0
373,3.5490209790209883,-533,28,43970,154,0
374,-1.1897668997669044,-1574,151,43970,0,0
375,-1.1790442890442938,-661,215,43970,0,0
376,3.503356643356653,1003,226,43970,0,0
377,5.215244755244769,-340,338,43971,0,0
378,3.9729370629370733,1969,95,43972,0,0
379,7.3333333333333535,18626,313,43972,2,108
380,9.439976689976715,1494,77,43973,0,0
381,7.734265734265754,806,124,43973,0,0
382,10.244498834498861,2023,283,43973,0,0
383,10.538088578088606,17370,297,43973,3,108
384,6.382144522144538,1305,115,43974,0,0
385,11.662773892773924,-361,226,43974,0,0
386,12.48501165501169,17031,295,43974,3,100
387,11.301421911421942,-813,135,43975,98,0
388,7.900489510489531,3887,185,43975,43,0
389,8.84477855477858,18807,301,43975,4,110
390,6.19289044289046,-685,359,43975,396,0
391,2.186223776223781,1081,102,43976,0,0
392,3.058228438228447,1571,232,43976,0,0
393,0.5144289044289053,793,304,43976,0,0
394,-2.4596037296037374,1056,336,43976,0,0
395,-0.05027972027972039,900,51,43978,291,0
396,-2.4790442890442965,-1455,238,43978,0,0
397,0.47843822843822903,2146,358,43978,0,0
398,2.8728438228438304,-1514,7,43979,0,0
399,4.704172494172508,1898,183,43979,0,0
400,5.876293706293723,302,3,43980,0,0
401,6.098228438228455,19055,318,43980,3,109
402,5.702331002331018,1263,324,43980,0,0
403,4.778904428904442,414,120,43981,326,0
404,3.1178321678321756,-519,15,43983,443,0
405,0.7042191142191155,-1606,113,43983,90,0
406,-2.244965034965042,-1206,29,43984,0,0
407,0.3687645687645698,2228,50,43984,0,0
408,-1.9460372960373025,454,122,43984,11,0
409,1.1472027972027998,-664,2,43985,0,0
410,3.370046620046629,974,89,43985,0,0
411,4.8437062937063065,1181,223,43985,0,0
412,5.679953379953395,-332,315,43985,13,0
413,6.079463869463887,16421,331,43985,3,101
414,5.529930069930085,-2032,282,43986,155,0
415,4.383543123543135,-422,358,43986,387,0
416,2.776293706293714,-1967,101,43987,226,0
417,0.5573892773892785,-2011,228,43987,0,0
418,-2.5341025641025716,-1671,232,43987,478,0
419,-0.11044289044289077,1199,96,43988,0,0
420,-0.10144522144522174,2209,114,43988,0,0
421,-2.327062937062944,-410,214,43988,462,0
422,0.7196736596736611,2581,298,43988,0,0
423,3.0693240093240175,-1311,27,43990,0,0
424,4.686013986013998,1398,228,43990,0,0
425,5.760023310023326,-1042,246,43990,0,0
426,6.166317016317034,15835,338,43990,3,101
427,5.890000000000016,548,83,43991,384,0
428,4.905990675990689,-961,150,43991,0,0
429,3.19121212121213,-1521,181,43991,0,0
430,1.1007459207459234,242,276,43991,249,0
431,-1.6826107226107279,-517,311,43991,0,0
432,0.6713286713286732,774,337,43991,0,0
433,0.38731934731934836,4705,86,43992,0,0
434,0.27377622377622457,-1476,159,43992,0,0
435,0.151608391608392,330,219,43992,0,0
436,-0.2643356643356651,-2491,268,43992,65,0
437,-0.3670163170163181,-968,274,43992,254,0
438,-0.3548951048951059,755,1,43993,154,0
439,-0.19209790209790265,583,81,43993,0,0
440,-2.3560839160839238,1023,165,43993,211,0
441,0.7003496503496518,737,194,43993,0,0
442,3.118787878787887,-632,352,43993,0,0
443,4.9271794871795,-1969,214,43994,0,0
444,6.019463869463886,-1004,313,43994,149,0
445,6.157948717948735,16917,344,43994,3,109
446,5.7219347319347476,362,30,43995,0,0
447,4.628344988345001,481,109,43995,0,0
448,2.9149417249417326,1928,144,43995,333,0
449,0.6708857808857821,-532,153,43995,346,0
450,-2.271864801864809,1476,39,43996,0,0
451,0.09153846153846174,746,138,43996,0,0
452,0.1587878787878792,-496,186,43996,0,0
453,0.415897435897437,446,190,43996,0,0
454,0.4937762237762251,-646,320,43996,0,0
455,0.5827039627039643,2668,261,43997,0,0
456,0.7298834498834519,-862,316,43997,0,0
457,-1.8624009324009383,-2130,73,43998,0,0
458,0.9845687645687667,-707,153,43998,0,0
459,3.4147319347319436,-902,168,43998,0,0
460,4.983846153846167,2686,213,43998,293,0
461,5.77487179487181,-819,295,43998,319,0
462,6.060536130536147,18666,327,43998,2,108
463,5.91400932400934,2014,350,43998,0,0
464,5.012004662004675,-926,156,43999,71,0
465,3.3574592074592164,2016,287,43999,0,0
466,1.0182983682983706,520,5,44000,0,0
467,-2.2096503496503566,-1616,50,44000,0,0
468,0.005850815850815808,915,89,44000,37,0
469,0.2236596736596742,565,96,44000,367,0
470,-2.2477622377622444,-1164,343,44000,0,0
471,0.5296270396270405,-1481,28,44001,385,0
472,3.1012820512820594,1591,116,44001,0,0
473,4.848717948717962,259,289,44001,0,0
474,5.950000000000016,432,300,44001,434,0
475,6.126946386946404,15308,342,44002,3,101
476,5.734522144522161,2927,104,44003,0,0
477,4.76727272727274,-3225,109,44004,378,0
478,3.066107226107234,847,121,44005,0,0
479,-1.3696736596736647,2416,217,44005,0,0
480,-1.5647552447552504,763,44,44006,0,0
481,3.0031934731934813,1983,56,44006,0,0
482,4.9402331002331135,-1519,166,44006,7,0
483,5.884405594405611,-1172,209,44006,0,0
484,6.212703962703981,15927,339,44006,3,101
485,5.655128205128221,1940,74,44007,0,0
486,4.483776223776236,509,212,44007,0,0
487,2.865920745920754,1037,230,44007,183,0
488,0.2739860139860142,840,318,44007,0,0
489,-2.6869930069930157,2262,325,44007,41,0
490,-0.43853146853146974,1088,108,44008,0,0
491,-0.37745920745920847,-3514,209,44008,22,0
492,-0.19671328671328722,-992,242,44008,367,0
493,-0.14519813519813551,1438,269,44008,0,0
494,-2.698438228438236,1090,12,44009,344,0
495,0.31300699300699336,262,53,44009,220,0
496,2.8549883449883526,-426,142,44009,322,0
497,4.662004662004676,645,92,44010,0,0
498,5.831934731934748,920,125,44010,316,0
499,6.364778554778572,17270,331,44010,3,109
500,6.090769230769247,2375,144,44011,0,0
501,4.914918414918429,776,220,44011,0,0
502,3.3154778554778646,978,40,44012,0,0
503,0.7596736596736612,-1217,285,44012,155,0
504,-2.4623543123543197,-477,306,44012,458,0
505,-2.4365967365967443,-2195,134,44013,262,0
506,0.5716783216783228,-1870,100,44014,0,0
507,2.9713053613053697,616,285,44014,151,0
508,4.70673659673661,550,181,44015,0,0
509,5.682983682983698,1336,246,44015,221,0
510,5.992097902097918,18316,330,44015,3,109
511,5.601095571095586,-2324,14,44016,0,0
512,4.844335664335677,-321,48,44016,74,0
513,3.4209090909091002,-600,104,44016,0,0
514,1.2399067599067628,1624,332,44016,0,0
515,-1.6453846153846212,-1370,129,44017,0,0
516,0.7051981351981371,-1473,267,44017,0,0
517,0.8297902097902121,-1789,176,44018,0,0
518,0.7940326340326361,-891,211,44018,230,0
519,0.829790209790212,1622,305,44018,0,0
520,0.6311888111888129,-751,20,44019,0,0
521,0.6276689976689993,-3233,100,44019,0,0
522,0.5961771561771578,905,8,44020,0,0
523,0.4574825174825187,-587,105,44020,0,0
524,0.3366200466200475,-507,129,44020,0,0
525,0.2225174825174831,-545,214,44020,0,0
526,-2.375617715617723,-1706,217,44020,443,0
527,0.9020979020979041,-1092,241,44020,223,0
528,3.4217715617715707,-2313,252,44020,0,0
529,5.097179487179501,3456,263,44020,0,0
530,6.085407925407942,1498,314,44020,0,0
531,6.38237762237764,18229,320,44020,3,109
532,5.905011655011672,-394,24,44021,460,0
533,4.728461538461551,-829,15,44022,42,0
534,3.2969696969697058,1279,95,44022,0,0
535,-1.6227039627039685,-1268,259,44022,101,0
536,-1.6146620046620106,877,94,44024,0,0
537,3.47111888111889,-1940,183,44024,0,0
538,2.735244755244762,898,242,44025,0,0
539,6.883729603729622,-667,266,44025,56,0
540,9.55494172494175,17269,322,44025,3,109
541,10.817062937062968,930,25,44026,0,0
542,10.806200466200496,1087,91,44026,0,0
543,9.379020979021004,18890,297,44026,4,110
544,6.638438228438247,1331,181,44027,0,0
545,2.1780885780885826,1388,249,44027,0,0
546,2.739627039627047,-681,240,44028,65,0
547,0.3099067599067602,2050,15,44029,0,0
548,-2.594428904428913,-465,117,44029,83,0
549,-2.3884848484848558,-832,265,44029,0,0
550,0.6699067599067613,368,53,44030,0,0
551,0.59939393939394,1579,65,44030,0,0
552,5.409557109557123,-1406,188,44030,0,0
553,8.968997668997693,-859,241,44030,191,0
554,11.014685314685346,18470,316,44030,3,109
555,11.463543123543156,334,236,44031,298,0
556,10.84860139860143,18398,296,44031,4,102
557,8.748601398601423,-2493,350,44031,0,0
558,5.42657342657344,400,351,44031,27,0
559,0.6725174825174832,1052,34,44032,36,0
560,0.7998834498834516,592,26,44033,0,0
561,-2.479930069930078,3152,138,44033,0,0
562,0.19860139860139914,435,250,44033,0,0
563,0.3005827505827514,1591,256,44034,0,0
564,-2.179230769230776,454,35,44035,0,0
565,0.8174125874125893,-1245,63,44035,447,0
566,3.2519114219114305,-1383,161,44035,0,0
567,4.878391608391622,-2285,306,44035,447,0
568,5.9820046620046785,-408,333,44035,0,0
569,6.416736596736614,17883,337,44035,3,101
570,6.40202797202799,-691,329,44036,0,0
571,5.298787878787892,2032,1,44037,0,0
572,1.3795571095571124,-1288,66,44037,0,0
573,1.8603263403263446,-980,70,44039,0,0
574,1.0269696969696989,-863,168,44039,0,0
575,4.8669463869464,-1101,239,44039,423,0
576,5.660186480186496,230,104,44040,0,0
577,5.9084382284382455,16753,329,44040,3,108
578,5.694778554778571,936,346,44040,0,0
579,4.732051282051295,1360,37,44041,370,0
580,3.098368298368307,2422,81,44041,0,0
581,0.7045687645687659,-1942,126,44041,0,0
582,-2.1222377622377686,2095,290,44041,0,0
583,0.4512820512820525,1110,26,44042,469,0
584,0.4810023310023323,736,140,44042,28,0
585,0.31048951048951134,-1394,46,44043,0,0
586,0.14067599067599104,517,31,44044,0,0
587,0.16641025641025686,2804,106,44044,0,0
588,0.12351981351981386,-547,115,44044,358,0
589,-0.07715617715617742,1883,202,44044,40,0
590,-2.693799533799542,1037,236,44044,476,0
591,0.5680652680652691,-2501,264,44044,0,0
592,0.5651515151515153,1366,281,44044,0,0
593,5.7461305361305515,880,72,44045,0,0
594,9.303240093240118,620,237,44045,0,0
595,8.718997668997693,17863,318,44045,3,109
596,12.513403263403298,2742,162,44046,0,0
597,14.165734265734306,16816,296,44046,4,110
598,13.744172494172531,1811,136,44047,0,0
599,11.237645687645719,-457,234,44047,480,0
600,6.72179487179489,18477,295,44047,4,102
601,6.492074592074609,-830,322,44047,220,0
602,2.3349883449883504,1756,17,44048,0,0
603,3.3745920745920834,999,139,44048,0,0
604,0.886969696969699,-832,203,44048,252,0
605,-2.2984382284382354,-2837,251,44048,0,0
606,0.28559440559440635,1053,23,44049,0,0
607,0.2020512820512826,652,153,44049,0,0
608,0.3955011655011666,2414,2,44050,124,0
609,-2.0310489510489576,1274,155,44050,0,0
610,0.6809557109557123,950,172,44050,0,0
611,2.9105594405594486,-733,213,44050,0,0
612,4.609720279720292,1617,341,44050,0,0
613,5.576620046620062,-556,348,44051,192,0
614,3.3928438228438322,14443,342,44052,3,100
615,6.16347319347321,-365,356,44052,0,0
616,7.616037296037316,1146,99,44053,0,0
617,7.7919114219114425,-917,191,44053,276,0
618,6.764522144522163,-1563,249,44053,0,0
619,4.369067599067611,19294,299,44053,4,110
620,6.36286713286715,778,70,44054,0,0
621,5.155291375291389,-2178,349,44055,0,0
622,3.5778787878787974,727,237,44056,0,0
623,1.074615384615387,-795,262,44056,0,0
624,-2.0765734265734337,997,278,44056,73,0
625,0.16862470862470907,393,31,44057,118,0
626,-2.476480186480194,4151,247,44057,0,0
627,0.3362237762237766,-1071,278,44057,220,0
628,2.750419580419588,458,33,44058,118,0
629,1.9424941724941773,-456,104,44058,402,0
630,6.166270396270413,-1739,319,44058,290,0
631,8.79508158508161,17079,322,44058,3,109
632,10.589230769230799,577,354,44058,0,0
633,10.72198135198138,2197,295,44059,0,0
634,9.345431235431262,17816,296,44059,4,110
635,6.59347319347321,1658,40,44061,0,0
636,2.526107226107232,1093,32,44062,0,0
637,3.0847319347319426,-646,76,44062,300,0
638,0.7748018648018664,2233,179,44062,0,0
639,-2.4920745920745997,864,258,44062,0,0
640,0.09160839160839183,-2631,212,44063,0,0
641,-2.361631701631709,-975,2,44064,5,0
642,0.8657575757575777,2731,40,44064,0,0
643,3.2610023310023397,-1200,70,44064,215,0
644,5.020209790209803,-688,80,44065,0,0
645,3.6477156177156265,606,173,44065,0,0
646,7.079300699300719,15611,331,44065,3,101
647,8.98550116550119,2419,345,44065,0,0
648,9.840606060606087,1755,22,44066,0,0
649,9.043403263403288,-1494,176,44066,91,0
650,6.907948717948737,20890,296,44066,4,110
651,0.9316083916083917,-1465,127,44067,0,0
652,5.248624708624722,914,142,44067,0,0
653,5.8514219114219275,-1546,183,44067,421,0
654,5.1997902097902235,-299,219,44067,274,0
655,3.199114219114227,-1688,284,44067,20,0
656,3.6782517482517583,16818,295,44067,5,103
657,6.590256410256428,894,91,44068,0,0
658,8.311328671328694,459,165,44068,0,0
659,8.361468531468555,2610,265,44068,0,0
660,7.06170163170165,-782,280,44068,0,0
661,4.160909090909102,20751,297,44068,4,110
662,6.080233100233117,374,354,44068,0,0
663,4.73699300699302,-437,4,44069,460,0
664,3.04139860139861,-2986,96,44070,0,0
665,0.6022377622377633,1432,154,44070,0,0
666,-2.5167599067599147,-3216,174,44070,446,0
667,0.0404662004662005,-1291,10,44071,474,0
668,-2.144498834498841,883,349,44071,0,0
669,1.159230769230772,-327,153,44072,4,0
670,3.657948717948728,1516,197,44072,0,0
671,5.4408158508158655,2582,26,44073,0,0
672,6.306783216783233,-489,40,44073,0,0
673,6.4985314685314854,16611,335,44073,3,101
674,6.207972027972045,-2633,98,44074,177,0
675,5.088741258741273,1909,234,44074,0,0
676,3.302004662004671,3508,306,44074,0,0
677,0.8637762237762256,-576,329,44074,0,0
678,-2.120512820512827,394,30,44075,0,0
679,0.38249417249417356,675,72,44075,0,0
680,0.19752913752913806,898,177,44075,0,0
681,0.021188811188811225,-2733,238,44075,441,0
682,-0.18764568764568818,-1402,288,44075,0,0
683,-2.633916083916092,-963,352,44076,141,0
684,0.3679487179487184,-434,14,44077,357,0
685,2.8878787878787957,-1338,152,44077,294,0
686,4.882284382284396,-508,236,44077,0,0
687,5.9138927738927904,1011,244,44077,83,0
688,6.447808857808877,17167,334,44077,3,109
689,6.321235431235449,635,158,44078,417,417
690,5.354219114219129,712,267,44078,0,0
691,0.9351282051282064,-304,139,44079,300,0
692,1.6065734265734297,946,251,44079,0,0
693,-1.669650349650356,1384,136,44080,0,0
694,5.621351981351995,434,217,44081,0,0
695,6.671701631701649,365,282,44081,126,0
696,11.997668997669031,18727,313,44081,3,109
697,14.858181818181858,912,173,44082,0,0
698,13.394662004662042,20419,298,44082,4,110
699,15.486153846153888,675,256,44083,465,0
700,14.807016317016357,17264,298,44083,4,110
701,8.645501165501187,1925,30,44084,0,0
702,11.707389277389309,764,156,44084,0,0
703,9.706550116550142,17972,296,44084,5,110
704,11.3692307692308,-1475,241,44085,0,0
705,8.279487179487202,2397,257,44085,76,0
706,9.278181818181842,17374,296,44085,5,110
707,6.239510489510506,795,8,44086,0,0
708,-0.404312354312356,1020,40,44086,0,0
709,3.5227039627039716,-868,94,44086,184,0
710,3.6669696969697063,2457,187,44086,194,0
711,2.243076923076929,703,189,44086,259,0
712,3.211025641025649,1366,217,44086,0,0
713,6.634801864801883,20866,295,44086,5,111
714,8.811981351981377,3011,135,44087,0,0
715,9.658368298368325,433,148,44087,458,0
716,8.901864801864827,-1770,252,44087,391,0
717,6.782424242424261,18645,297,44087,4,109
718,3.450839160839169,1460,53,44088,0,0
719,5.18566433566435,2643,273,44088,0,0
720,3.4824242424242517,351,275,44088,0,0
721,1.0805594405594432,-1152,144,44089,0,0
722,-2.161748251748259,-1464,291,44089,0,0
723,0.1851981351981357,384,312,44089,0,0
724,0.023193473193473202,2486,25,44090,0,0
725,0.16804195804195854,-1039,164,44090,0,0
726,-0.009440559440559514,-1395,188,44090,346,0
727,0.05382284382284397,1632,317,44090,227,0
728,-0.01622377622377627,1282,346,44090,0,0
729,0.11163170163170186,1635,58,44091,0,0
730,0.022261072261072323,-2092,85,44091,255,0
731,0.258391608391609,2477,134,44091,0,0
732,-1.9345920745920813,-434,266,44091,386,0
733,1.0977156177156202,1642,23,44092,0,0
734,3.5120512820512912,417,94,44092,0,0
735,5.331398601398615,-341,179,44092,0,0
736,6.247156177156194,4374,310,44092,0,0
737,6.690489510489528,20071,327,44092,2,108
738,6.196550116550133,1406,2,44093,0,0
739,5.037435897435911,-524,33,44093,385,0
740,0.5735664335664339,-592,67,44093,0,0
741,1.2666899766899793,-761,89,44093,0,0
742,0.7849650349650364,-1624,96,44093,471,0
743,4.828671328671342,529,192,44093,110,0
744,3.4807692307692397,444,246,44093,176,0
745,6.879160839160858,18149,296,44093,4,110
746,9.161305361305388,2101,301,44093,0,0
747,9.937995337995366,576,316,44093,0,0
748,9.262261072261097,3772,31,44094,0,0
749,7.099114219114239,17715,297,44094,4,109
750,3.7340792540792638,-990,352,44094,0,0
751,5.2504895104895235,-442,39,44095,50,0
752,3.4557342657342756,-965,71,44095,0,0
753,0.9675291375291396,1046,133,44095,0,0
754,-2.0463636363636426,895,156,44095,0,0
755,0.47564102564102695,-939,252,44095,234,0
756,0.4429836829836842,-2091,317,44095,269,0
757,0.16524475524475574,-1834,12,44096,0,0
758,-0.11552447552447587,1236,28,44096,0,0
759,-0.17741258741258795,-1377,92,44096,33,0
760,-0.0979254079254082,1016,130,44096,385,0
761,-0.10247086247086278,2313,357,44096,197,0
762,-0.18685314685314738,-294,158,44097,336,0
763,-2.5306759906759986,2173,115,44098,0,0
764,0.712424242424244,-1633,123,44098,405,0
765,3.026899766899775,-885,165,44098,0,0
766,2.1233100233100286,-1115,243,44098,281,0
767,6.358857808857826,-847,299,44098,117,0
768,9.122027972027997,16572,344,44098,3,109
769,10.518764568764599,-780,81,44099,278,0
770,10.611888111888142,1248,127,44099,0,0
771,9.369347319347346,18952,301,44099,4,110
772,6.677296037296054,-1680,4,44100,456,0
773,2.6788111888111943,-3551,19,44100,44,0
774,3.3782284382284473,-1777,21,44100,0,0
775,0.783379953379955,633,249,44100,0,0
776,-2.2870396270396345,-315,297,44100,0,0
777,0.34568764568764665,-431,41,44101,0,0
778,0.21459207459207516,-696,157,44102,38,0
779,0.11097902097902126,-508,274,44103,86,0
780,-2.51268065268066,585,27,44104,0,0
781,0.6293706293706305,-3053,36,44104,364,0
782,2.986829836829845,2663,62,44104,0,0
783,4.848951048951062,369,158,44104,0,0
784,5.9675990675990835,2278,163,44104,0,0
785,6.310722610722627,17365,321,44104,3,101
786,6.156503496503513,1094,325,44104,0,0
787,5.0870396270396405,-858,22,44105,0,0
788,3.155361305361314,-880,121,44105,0,0
789,0.6902097902097915,426,169,44105,118,479
790,-2.5805128205128285,-3683,258,44105,0,0
791,0.09195804195804219,-1148,167,44106,286,0
792,0.0458041958041959,683,250,44106,233,0
793,0.07144522144522165,2200,24,44107,0,0
794,0.09125874125874152,-1878,72,44107,0,0
795,0.02228438228438234,1287,106,44107,0,0
796,0.11354312354312383,-343,201,44107,235,0
797,-2.0836363636363706,-837,44,44108,285,0
798,0.6440093240093252,932,255,44108,101,0
799,0.34995337995337983,-1698,316,44108,0,0
800,5.34655011655013,365,300,44109,0,0
801,8.930233100233124,1509,321,44109,0,0
802,11.032820512820544,14897,348,44109,3,100
803,11.782237762237795,-371,78,44110,0,0
804,10.968368298368329,18658,298,44110,4,110
805,9.032820512820537,1460,9,44111,433,0
806,5.753310023310038,526,158,44111,39,0
807,1.0871095571095595,576,206,44111,0,0
808,0.7442191142191157,-2122,260,44111,293,0
809,-2.4286247086247164,2134,76,44112,0,0
810,0.24689976689976756,1072,96,44112,307,0
811,0.33151515151515243,1083,204,44112,0,0
812,0.36750582750582855,2018,334,44112,0,0
813,0.3840326340326351,525,31,44113,0,0
814,-2.469324009324017,-2909,150,44113,0,0
815,0.7737762237762253,-1391,197,44113,0,0
816,3.1993939393939477,772,230,44113,204,0
817,2.3242424242424295,-3580,239,44113,335,0
818,6.35300699300701,-1606,91,44114,111,0
819,8.976317016317042,20236,319,44114,3,109
820,7.833659673659695,358,16,44115,117,0
821,11.106853146853176,-1884,103,44115,325,0
822,12.201282051282083,18767,302,44115,3,109
823,11.224149184149216,-1110,124,44116,33,0
824,8.146550116550138,3008,186,44116,0,0
825,9.619277389277418,18151,295,44116,4,110
826,7.099254079254098,-1301,15,44117,0,0
827,3.021771561771569,1038,130,44118,0,0
828,3.781794871794882,-1501,277,44118,0,0
829,1.4950815850815888,-457,105,44119,0,0
830,-1.611934731934737,-856,189,44119,0,0
831,0.8535431235431259,-1701,290,44119,0,0
832,-1.9627738927738994,-302,293,44119,0,0
833,0.9958508158508181,-2006,307,44119,0,0
834,0.8424708624708634,-1008,123,44120,239,0
835,5.788951048951064,-2929,322,44120,426,0
836,9.305710955710982,1335,248,44121,0,0
837,8.777972027972053,18457,319,44121,3,108
838,12.65615384615388,1274,280,44122,0,0
839,14.420256410256451,21264,298,44122,4,110
840,11.474125874125905,-1281,126,44123,321,0
841,12.012960372960404,1589,156,44123,244,0
842,9.646550116550141,17176,295,44123,5,110
843,8.525687645687668,-1261,190,44124,30,0
844,8.574871794871818,556,245,44124,0,0
845,12.385337995338029,18229,298,44124,5,103
846,11.390256410256441,659,70,44125,455,0
847,8.27687645687648,1662,173,44125,338,0
848,9.519743589743616,18787,295,44125,4,110
849,6.729766899766918,-696,196,44126,0,0
850,2.518461538461544,805,298,44126,126,0
851,3.2793939393939486,1015,306,44126,0,0
852,0.8104895104895121,1104,256,44127,0,0
853,-2.4333566433566505,458,35,44128,219,0
854,-2.5406993006993086,-370,242,44128,5,0
855,0.535034965034966,1295,186,44129,0,0
856,2.7949417249417325,943,202,44129,138,0
857,4.380839160839173,581,288,44129,324,0
858,5.523706293706309,1491,303,44129,372,0
859,5.879650349650366,18599,325,44129,3,108
860,5.422447552447568,893,232,44130,0,0
861,4.433636363636375,-875,273,44130,155,0
862,2.8623076923076995,2293,75,44131,0,0
863,0.5133566433566443,1087,149,44131,210,0
864,-5.129860139860154,-1498,224,44131,468,0
865,0.43738927738927813,779,306,44131,388,0
866,2.813636363636371,-3692,210,44132,0,0
867,4.7060606060606185,-448,322,44132,221,0
868,6.002773892773909,-2259,285,44133,14,0
869,6.448927738927757,18053,336,44133,3,109
870,5.991491841491857,-961,343,44133,0,109
871,4.921328671328685,-1764,91,44134,0,0
872,3.374801864801874,-804,147,44134,179,0
873,0.8719114219114238,2067,152,44134,254,0
874,-2.3706293706293775,-1221,173,44134,33,0
875,-0.12529137529137566,-544,200,44134,0,0
876,-0.18939393939393992,2009,217,44134,0,0
877,0.06559440559440578,1308,313,44134,222,0
878,-2.4673659673659754,-1313,28,44135,485,0
879,0.7052447552447567,-439,276,44136,478,0
880,3.0837995337995427,369,164,44137,0,0
881,4.763170163170176,952,174,44137,0,0
882,5.870279720279736,-510,307,44137,402,0
883,6.278205128205146,17819,330,44137,3,101
884,5.859906759906776,-1594,29,44138,367,0
885,4.736853146853159,-245,142,44138,429,0
886,3.167132867132876,474,167,44138,0,0
887,0.7766899766899783,-1587,338,44138,148,0
888,-2.3872727272727348,2638,354,44138,0,0
889,0.2710023310023317,-744,106,44139,0,0
890,0.3238228438228447,712,232,44139,0,0
891,0.3276923076923085,850,74,44140,312,0
892,0.4165034965034976,324,309,44140,0,0
893,0.5753613053613069,417,347,44140,0,0
894,0.4782983682983696,-591,42,44141,0,0
895,0.714988344988347,-605,218,44141,0,0
896,0.7732634032634054,-3506,336,44141,0,0
897,0.6210722610722628,-1143,31,44142,0,0
898,0.6645221445221463,-968,43,44142,0,0
899,0.5144055944055957,-2931,144,44142,0,0
900,-2.031864801864808,438,180,44142,306,0
901,1.038857808857811,516,205,44142,0,0
902,3.2368764568764656,-1636,220,44142,0,0
903,4.804242424242437,-812,236,44142,26,0
904,5.767179487179503,708,306,44142,0,0
905,6.273123543123561,16578,333,44142,3,101
906,6.121142191142208,2980,19,44143,0,0
907,5.194102564102578,512,61,44143,0,0
908,3.7381351981352084,2058,81,44143,0,0
909,1.199230769230772,939,86,44143,0,0
910,-1.8213986013986077,761,158,44143,0,0
911,0.7065501165501185,-639,14,44145,260,0
912,-1.934685314685321,-643,214,44145,0,0
913,0.8879020979020998,768,270,44145,481,0
914,2.9249650349650427,2860,118,44146,0,0
915,4.643822843822856,1776,227,44146,0,0
916,3.2674825174825246,1633,261,44146,257,0
917,6.506317016317034,17917,329,44146,3,108
918,6.109347319347335,-1660,181,44147,234,0
919,9.93326340326343,-1425,228,44147,0,0
920,11.98848484848488,773,259,44147,310,0
921,9.420186480186505,17680,297,44147,4,110
922,10.241515151515177,-564,68,44148,0,0
923,14.219370629370669,18361,296,44148,4,109
924,13.785571095571132,1296,191,44149,0,0
925,11.47890442890446,1744,291,44149,140,0
926,6.824825174825193,18582,298,44149,5,110
927,6.17377622377624,-1184,242,44150,146,0
928,2.01606060606061,586,260,44150,0,0
929,2.768741258741266,1170,120,44151,71,0
930,0.5640559440559452,-1663,52,44152,322,0
931,-2.530466200466208,-1505,56,44152,354,0
932,-2.644568764568773,383,90,44152,0,0
933,0.5778088578088588,1009,97,44152,47,0
934,3.1535664335664424,2524,121,44152,0,0
935,5.014522144522159,590,216,44152,159,0
936,5.971655011655028,-833,66,44153,329,0
937,6.127972027972045,19682,322,44153,6,112
938,5.975174825174841,1166,263,44154,295,0
939,5.008065268065281,2723,341,44154,0,0
940,3.496643356643366,-337,350,44154,306,0
941,1.1268531468531493,1112,24,44155,0,0
942,-1.890046620046626,-2718,70,44155,0,0
943,0.7585547785547806,-1191,179,44155,0,0
944,0.6865501165501184,349,184,44155,0,0
945,0.7175524475524495,403,195,44155,0,0
946,0.6567132867132884,582,37,44156,0,0
947,0.5340792540792555,-979,160,44157,470,0
948,-1.8680186480186536,832,222,44157,0,0
949,0.9556177156177177,1859,231,44157,0,0
950,2.9704195804195885,968,352,44157,0,0
951,4.4603962703962825,-889,176,44158,444,0
952,5.410396270396285,-401,323,44158,0,0
953,5.595268065268082,15118,339,44158,3,101
954,5.421118881118896,-3553,71,44159,263,0
955,4.555850815850827,465,97,44159,0,0
956,3.245337995338004,-1390,157,44159,0,0
957,1.0454545454545479,1178,114,44160,0,0
958,-2.0228205128205192,421,174,44160,0,0
959,0.3008158508158516,405,224,44160,57,0
960,0.08356643356643378,-1074,291,44160,0,0
961,-0.10967365967366002,-2067,109,44161,268,0
962,-0.22599067599067665,-2666,274,44161,8,0
963,-0.2181818181818188,1204,275,44161,0,0
964,-2.5145687645687724,-2323,11,44162,437,0
965,0.803379953379955,1216,104,44162,160,0
966,3.3778554778554866,366,175,44162,0,0
967,5.2088578088578235,457,194,44162,0,0
968,6.216666666666683,-1164,277,44162,0,0
969,6.5433566433566615,16889,331,44162,3,109
970,6.05282051282053,1391,59,44163,0,0
971,4.941165501165515,836,347,44163,0,0
972,3.1402097902097985,710,19,44164,335,0
973,0.5808857808857819,-745,56,44164,477,0
974,-2.5629370629370705,-455,230,44164,0,0
975,0.04032634032634041,422,282,44164,0,0
976,0.03498834498834504,-1016,284,44164,69,0
977,0.166573426573427,768,290,44164,0,0
978,0.34629370629370726,-349,326,44164,0,0
979,0.2749883449883457,3330,247,44165,0,0
980,-1.9371328671328731,-2051,30,44166,0,0
981,1.0738228438228463,-330,190,44166,0,0
982,3.415780885780895,386,284,44166,0,0
983,4.804731934731947,3285,65,44167,284,0
984,5.705780885780902,-2405,77,44167,0,0
985,5.972913752913769,18488,331,44167,3,108
986,5.721515151515168,1529,78,44168,0,0
987,4.881655011655025,-741,89,44168,93,0
988,3.5154312354312447,2091,5,44169,0,0
989,1.2259207459207486,-687,15,44169,0,0
990,-1.693799533799539,-1210,239,44169,0,0
991,0.529603729603731,-459,248,44169,0,0
992,0.3571095571095581,-2473,332,44169,0,0
993,0.007249417249417223,-444,98,44170,258,0
994,-0.08680652680652709,-439,225,44170,245,0
995,-2.6940326340326424,-506,329,44170,326,0
996,0.5113286713286721,-2101,250,44171,39,0
997,3.2184149184149273,-1903,156,44172,0,0
998,5.161048951048965,-1001,300,44172,0,0
999,6.294498834498851,-565,301,44172,339,0
1000,6.497552447552466,18556,316,44172,3,108
1001,6.010163170163187,-1066,54,44174,0,0
1002,4.809254079254092,-1698,34,44175,298,0
1003,3.049696969696978,1036,141,44175,0,0
1004,0.6804662004662018,1270,150,44175,78,0
1005,-2.2893706293706364,736,284,44175,0,0
1006,0.26412587412587485,-1608,293,44176,0,0
1007,0.4845221445221458,1802,298,44176,0,0
1008,-1.833519813519819,663,18,44177,0,0
1009,1.12757575757576,-654,47,44177,0,0
1010,3.4353846153846246,-559,143,44177,381,0
1011,5.057855477855491,-575,178,44177,0,0
1012,5.988018648018664,336,312,44177,0,0
1013,6.180769230769248,17203,323,44177,3,101
1014,5.597086247086263,-422,333,44177,0,0
1015,4.562097902097914,1024,297,44178,0,0
1016,2.5858974358974427,456,16,44179,0,0
1017,0.38890442890442944,-624,67,44179,131,0
1018,-2.5882517482517566,2889,221,44179,0,0
1019,-0.18510489510489564,-1845,47,44180,0,0
1020,-2.3031701631701704,-943,81,44180,306,0
1021,0.9681818181818204,1625,12,44182,0,0
1022,3.5053846153846244,-2088,81,44182,403,0
1023,5.2643822843822985,733,238,44182,0,0
1024,6.373356643356661,-670,246,44182,0,0
1025,6.7582983682983855,19545,319,44182,3,109
1026,6.166363636363653,-629,142,44183,0,0
1027,5.183613053613068,463,209,44183,0,0
1028,3.2803729603729694,846,273,44183,0,0
1029,0.7895804195804211,2621,298,44183,0,0
1030,-2.21275058275059,892,358,44183,281,0
1031,0.3564568764568774,931,38,44184,0,0
1032,0.3128671328671337,1512,114,44184,0,0
1033,0.3210256410256419,1197,313,44184,0,0
1034,0.5170396270396285,-2880,0,44185,0,0
1035,0.435804195804197,442,40,44185,0,0
1036,0.13034965034965068,-3652,49,44185,432,0
1037,0.13370629370629405,2415,171,44185,0,0
1038,0.07564102564102586,2142,89,44186,0,0
1039,0.00020979020979022042,-434,100,44186,243,0
1040,-0.09048951048951073,-1315,251,44186,54,490
1041,-2.705757575757585,-1078,303,44186,0,0
1042,0.2831934731934734,-2239,57,44187,32,0
1043,2.7197902097902174,-510,168,44187,271,0
1044,4.787599067599081,-1988,229,44187,87,0
1045,5.998787878787896,380,312,44187,254,0
1046,6.383403263403282,18470,313,44187,3,101
1047,3.6039160839160926,-1178,115,44188,0,0
1048,5.690885780885796,-449,215,44188,0,0
1049,6.444731934731952,-2001,219,44188,490,0
1050,5.551398601398616,-831,224,44188,171,0
1051,3.4020979020979105,-1189,256,44188,274,0
1052,6.135198135198153,18804,295,44188,4,110
1053,5.8680419580419745,616,39,44189,0,0
1054,4.933193473193486,-1199,160,44189,423,0
1055,3.3303962703962795,2467,161,44189,0,0
1056,0.8744522144522163,2512,201,44189,0,0
1057,-2.4346386946387026,1708,93,44190,0,0
1058,0.0449417249417251,919,120,44190,224,0
1059,-0.106689976689977,-1995,136,44190,0,0
1060,-2.459463869463877,-1166,122,44191,115,0
1061,0.4098834498834506,-2048,345,44191,15,0
1062,2.670139860139867,482,164,44192,0,0
1063,4.425361305361318,-1514,276,44193,247,0
1064,5.1703729603729744,3386,323,44193,0,0
1065,5.710932400932418,16628,341,44193,4,101
1066,5.541841491841507,1543,351,44193,0,0
1067,4.6910489510489635,-1095,108,44194,324,0
1068,3.1465501165501255,-1738,162,44194,232,0
1069,0.8905128205128223,-1073,186,44194,0,0
1070,-1.622657342657348,1579,209,44194,0,0
1071,0.7964335664335687,-1800,218,44194,0,0
1072,0.9136596736596762,696,39,44195,0,0
1073,0.6827972027972047,2573,86,44195,0,0
1074,0.34179487179487267,-356,141,44195,0,0
1075,0.3727738927738937,2037,268,44195,297,0
1076,0.2860372960372968,-1385,291,44195,430,0
1077,0.03731934731934738,-1584,26,44196,333,0
1078,-2.659883449883458,1181,157,44196,0,0
1079,0.5444055944055953,-684,162,44196,0,0
1080,0.5899766899766904,-721,217,44197,99,0
1081,5.630046620046634,-677,283,44197,13,0
1082,9.020279720279746,954,292,44197,0,0
1083,8.524265734265757,18261,309,44197,3,109
1084,12.400606060606094,2090,334,44197,0,0
1085,14.338951048951088,18414,297,44198,4,110
1086,11.69981351981355,839,55,44199,358,0
1087,12.345967365967399,1790,71,44199,0,0
1088,7.652377622377642,17511,295,44199,4,110
1089,12.306317016317049,2678,124,44200,0,0
1090,11.45048951048954,655,232,44200,0,0
1091,14.176013986014027,19248,294,44200,4,110
1092,12.18594405594409,1741,20,44201,0,110
1093,5.8341958041958195,18695,296,44201,4,110
1094,9.393496503496529,-393,323,44201,293,0
1095,8.449650349650373,3022,353,44201,0,0
1096,2.9642191142191208,-887,153,44202,0,0
1097,6.90244755244757,-810,209,44202,0,0
1098,6.524032634032652,18312,298,44202,6,112
1099,10.541282051282082,-764,30,44203,65,0
1100,10.7610955710956,-942,99,44203,214,0
1101,9.432097902097928,17340,295,44203,5,110
1102,6.87195804195806,-764,359,44203,0,0
1103,2.882214452214459,3663,28,44204,0,0
1104,3.8035198135198236,1266,75,44204,0,0
1105,1.329860139860143,1114,139,44204,362,0
1106,-2.1261771561771625,-1575,183,44204,0,0
1107,-0.02198135198135212,890,74,44205,298,0
1108,-0.08515151515151548,-2489,57,44206,0,0
1109,-2.320932400932408,-1041,102,44206,135,0
1110,0.9737995337995359,985,194,44206,336,0
1111,3.228135198135207,2010,213,44206,0,0
1112,5.0680885780885925,-905,209,44207,0,0
1113,5.918554778554794,477,287,44207,0,0
1114,6.335687645687663,17607,329,44207,3,108
1115,6.059953379953396,-664,4,44209,88,0
1116,4.9503030303030435,1496,172,44209,0,0
1117,3.445151515151524,-1321,182,44209,280,0
1118,1.2214685314685343,1759,126,44210,0,0
1119,-4.186340326340339,2143,216,44210,0,0
1120,1.3632867132867166,860,5,44211,0,0
1121,3.625524475524485,1959,117,44211,0,0
1122,5.201981351981366,794,290,44211,313,0
1123,5.888111888111905,-775,138,44212,229,0
1124,6.0851748251748425,17543,319,44212,3,109
1125,5.58365967365969,-3137,329,44212,117,0
1126,4.488088578088591,-2338,359,44212,413,0
1127,2.87247086247087,-1702,5,44213,22,0
1128,0.5798368298368308,-2221,14,44213,279,0
1129,-2.379020979020986,-1574,147,44213,219,0
1130,0.3805128205128216,555,208,44213,0,0
1131,0.43867132867132996,822,214,44213,0,0
1132,0.25000000000000067,3383,256,44213,0,0
1133,0.31981351981352063,-1405,69,44214,0,0
1134,0.19594405594405642,2177,170,44214,0,0
1135,0.11762237762237793,-1486,262,44214,398,0
1136,0.054801864801864886,1586,71,44215,0,0
1137,0.013193473193473214,-700,346,44215,0,0
1138,0.2501165501165508,-393,165,44216,32,0
1139,-2.017249417249424,2195,165,44216,0,0
1140,1.0558275058275082,594,195,44216,30,0
1141,0.6754312354312361,-1226,266,44216,0,0
1142,5.414592074592089,834,160,44217,0,0
1143,8.801538461538485,2381,173,44217,0,0
1144,8.486503496503518,17052,314,44217,3,108
1145,12.365501165501197,601,81,44218,98,0
1146,13.903170163170202,18503,302,44218,4,110
1147,13.516573426573464,827,9,44219,0,0
1148,8.809696969696992,-1224,266,44219,0,0
1149,7.564382284382304,18729,295,44219,4,110
1150,9.988018648018674,-957,309,44219,354,0
1151,7.6367365967366165,-1267,16,44220,0,0
1152,7.158181818181836,1396,95,44220,0,0
1153,8.006899766899787,18815,296,44220,4,110
1154,6.888018648018667,4315,67,44221,0,0
1155,9.769370629370655,1162,130,44221,0,0
1156,8.793263403263428,1780,152,44221,0,0
1157,6.555594405594422,18557,298,44221,5,110
1158,3.01326340326341,3452,35,44223,0,0
1159,4.490629370629383,-561,63,44223,0,0
1160,2.982797202797211,-585,78,44223,0,0
1161,0.46452214452214524,-2176,103,44223,348,0
1162,-2.6420979020979107,-2944,146,44223,395,0
1163,-2.7072494172494257,783,89,44224,387,0
1164,0.4681585081585089,-536,211,44224,153,0
1165,3.006247086247095,-1335,101,44225,138,0
1166,4.915198135198148,1470,255,44225,0,0
1167,5.925011655011671,1411,310,44225,0,0
1168,6.1745687645687815,17500,333,44225,3,109
1169,5.919347319347336,-461,156,44226,30,0
1170,4.992074592074605,-1372,278,44226,207,0
1171,3.203729603729612,-1839,206,44227,183,0
1172,0.8173426573426592,-495,292,44227,0,0
1173,-2.3993240093240167,-758,331,44228,0,0
1174,0.2465734265734273,804,353,44228,0,0
1175,0.191445221445222,-438,54,44229,0,0
1176,-0.036153846153846286,-604,146,44229,51,0
1177,-2.556993006993015,-1165,262,44229,299,0
1178,0.3668764568764573,-1069,268,44229,0,0
1179,2.7081351981352055,1853,24,44230,296,0
1180,4.472237762237774,395,36,44230,421,0
1181,5.595198135198151,823,127,44230,0,0
1182,5.929114219114235,18385,330,44230,2,108
1183,5.459090909090924,-563,122,44232,323,0
1184,4.582051282051294,1831,189,44232,0,0
1185,3.019813519813528,1318,79,44233,0,0
1186,-1.955104895104902,-1050,200,44233,362,0
1187,-1.6427505827505882,1370,217,44233,384,0
1188,3.20130536130537,829,82,44234,0,0
1189,4.935244755244769,1638,89,44234,0,0
1190,6.234988344988362,1353,304,44234,388,0
1191,6.756526806526825,17440,321,44234,3,109
1192,6.2560839160839326,2205,40,44235,0,0
1193,5.2021212121212255,1292,308,44235,0,0
1194,3.384522144522154,1331,122,44236,0,0
1195,0.9663403263403283,-1088,131,44236,417,0
1196,-2.357412587412595,1671,260,44236,381,0
1197,0.29839160839160916,-1685,270,44236,0,0
1198,0.3758741258741269,2236,331,44236,410,0
1199,0.2276223776223782,2000,333,44236,0,0
1200,-1.7871794871794926,4066,299,44237,0,0
1201,1.0515384615384638,-2796,356,44238,0,0
1202,3.2656410256410338,963,81,44239,0,0
1203,4.9611888111888245,1337,244,44239,0,0
1204,5.752797202797218,-2109,269,44239,0,0
1205,5.8143356643356805,14136,348,44239,3,100
1206,5.409090909090924,-2286,64,44240,0,0
1207,4.552214452214464,-751,313,44240,67,0
1208,2.965524475524483,548,95,44242,335,0
1209,0.6918648018648033,1798,249,44242,0,0
1210,-1.9444988344988408,1073,293,44242,0,0
1211,0.47855477855477985,1175,44,44243,0,0
1212,0.5004662004662018,482,321,44243,0,0
1213,0.4662237762237775,529,349,44243,0,0
1214,-1.987832167832174,-792,109,44244,0,0
1215,0.8707925407925426,678,171,44244,0,0
1216,3.2087645687645776,1941,197,44244,0,0
1217,4.752470862470875,916,263,44244,0,0
1218,3.1740326340326415,1427,270,44244,0,0
1219,6.744172494172512,14877,345,44244,3,101
1220,8.77634032634035,-2205,7,44245,246,0
1221,6.873892773892791,-1083,60,44245,283,0
1222,9.161794871794896,624,112,44245,306,0
1223,9.750955710955738,17120,296,44245,4,110
1224,8.46713286713289,3985,35,44246,0,0
1225,8.489044289044312,1039,74,44246,131,0
1226,10.329836829836857,18615,295,44246,4,110
1227,9.818554778554805,664,358,44246,0,0
1228,4.849790209790222,1463,249,44247,0,0
1229,9.98414918414921,-1170,257,44247,426,0
1230,10.258275058275087,18173,297,44247,4,110
1231,8.105734265734286,-1476,312,44247,149,0
1232,10.695920745920775,988,35,44248,0,0
1233,9.455804195804223,17099,299,44248,4,110
1234,6.7213986013986196,439,146,44249,298,0
1235,2.3118648018648074,2573,240,44249,300,0
1236,3.1011421911421992,-506,174,44250,0,0
1237,0.5554778554778564,837,202,44250,83,0
1238,-2.437412587412595,-269,305,44251,227,0
1239,-2.2146853146853216,1113,14,44252,337,0
1240,1.0495337995338019,-2005,139,44252,0,0
1241,0.8556177156177174,1418,262,44252,0,0
1242,5.905268065268081,949,275,44252,0,0
1243,9.327319347319373,524,324,44252,0,0
1244,11.41720279720283,18749,326,44252,3,108
1245,12.128857808857843,3452,185,44253,0,0
1246,11.417086247086278,18224,296,44253,5,110
1247,9.3555244755245,1242,27,44254,0,0
1248,5.899440559440574,-1563,50,44254,0,0
1249,0.9358041958041974,-382,80,44254,0,0
1250,0.8902331002331021,1144,200,44254,72,0
1251,-2.2942657342657418,1743,62,44255,0,0
1252,0.18158508158508202,-1317,163,44255,345,0
1253,-0.022843822843822935,-460,273,44255,117,0
1254,0.16258741258741302,572,288,44255,0,0
1255,0.3212121212121221,454,38,44256,0,0
1256,0.311212121212122,-1963,54,44256,439,0
1257,0.6371794871794889,-1705,260,44256,105,0
1258,-1.8875058275058332,1586,353,44256,0,0
1259,1.1318648018648045,965,13,44257,0,0
1260,3.565780885780895,2005,66,44257,0,0
1261,5.541538461538476,3342,155,44257,0,0
1262,6.570582750582768,-619,245,44257,131,0
1263,6.8589277389277585,18131,328,44257,3,109
1264,6.48258741258743,-453,351,44257,0,0
1265,5.301002331002345,930,246,44258,0,0
1266,3.5606759906760006,645,46,44259,0,0
1267,1.3297902097902128,1180,188,44259,0,0
1268,-1.8082051282051341,-929,47,44260,283,0
1269,-1.965198135198142,1410,64,44260,0,0
1270,1.0760606060606084,-370,226,44260,0,0
1271,3.6588111888111987,1219,336,44260,0,0
1272,2.959044289044296,-1611,22,44261,0,0
1273,7.253566433566452,-1662,352,44261,280,0
1274,9.879580419580446,17851,317,44262,3,108
1275,11.228298368298399,-1943,70,44263,0,0
1276,11.405780885780917,542,194,44263,0,0
1277,10.01149184149187,19576,297,44263,4,110
1278,7.223962703962723,2595,338,44263,0,0
1279,2.8008857808857877,-1070,356,44263,0,0
1280,3.312191142191151,1297,358,44263,0,0
1281,0.7991375291375307,1015,83,44264,0,0
1282,-2.237948717948725,385,187,44264,0,0
1283,0.11449883449883475,-387,204,44264,196,0
1284,0.30864801864801944,-1735,242,44264,475,0
1285,0.46293706293706416,-3631,153,44265,0,0
1286,-1.8474358974359033,2236,261,44265,0,0
1287,0.9666899766899788,931,229,44266,0,0
1288,3.235920745920754,3881,42,44267,0,0
1289,4.9223776223776365,1042,119,44267,0,0
1290,5.765501165501181,-354,321,44268,381,0
1291,5.918181818181834,19322,322,44268,2,108
1292,5.619230769230784,476,53,44269,0,0
1293,4.55815850815852,1764,243,44269,0,0
1294,3.0630536130536217,816,252,44269,369,0
1295,0.7099300699300714,750,339,44269,128,0
1296,-2.2532400932401004,2228,114,44270,0,0
1297,0.008881118881118876,-799,164,44270,0,0
1298,-0.028881118881118995,867,251,44270,0,0
1299,0.21389277389277445,1791,267,44270,0,0
1300,0.3203263403263411,430,270,44270,0,0
1301,0.5319813519813534,959,151,44271,226,0
1302,-1.6118414918414972,420,328,44271,0,0
1303,1.4776456876456912,1188,90,44273,0,0
1304,3.623216783216793,-545,101,44273,0,0
1305,5.034871794871808,732,106,44273,0,0
1306,5.922610722610738,-331,242,44273,325,0
1307,5.806433566433584,17641,331,44273,3,108
1308,5.281468531468546,-1884,231,44274,454,0
1309,4.289836829836841,-414,268,44274,0,0
1310,2.551841491841498,1812,308,44274,0,0
1311,0.5144055944055954,-778,343,44274,100,0
1312,-2.3968764568764644,560,25,44275,0,0
1313,0.020023310023310075,2358,242,44275,0,0
1314,-0.022727272727272818,-3284,327,44275,365,0
1315,0.11529137529137556,832,355,44275,0,0
1316,0.4237762237762249,-2051,14,44276,70,0
1317,0.4757575757575771,-2818,19,44276,0,0
1318,0.5433333333333348,1257,136,44276,0,0
1319,0.39463869463869566,1943,236,44276,0,0
1320,0.17846153846153892,-3180,112,44277,471,0
1321,0.1557342657342661,-897,210,44277,339,0
1322,0.10130536130536155,-942,335,44277,483,0
1323,-2.5914685314685393,-1138,21,44278,186,0
1324,0.5434965034965044,740,96,44278,0,0
1325,3.331701631701641,-764,119,44278,0,0
1326,5.239487179487194,921,115,44279,0,0
1327,6.3002097902098075,518,294,44279,264,0
1328,6.439860139860158,18185,299,44279,4,110
1329,5.981468531468548,-1363,151,44281,0,0
1330,2.4031468531468594,-573,249,44281,212,0
1331,3.64041958041959,412,342,44281,124,0
1332,3.4308624708624795,2447,134,44282,21,0
1333,1.7534965034965075,-2544,293,44282,0,0
1334,5.374242424242438,-872,3,44284,437,0
1335,6.058251748251764,18096,338,44284,3,109
1336,5.861981351981368,-2169,36,44285,279,0
1337,4.900559440559454,-1040,205,44285,0,0
1338,3.0909090909090993,2175,267,44285,0,0
1339,0.7769230769230785,1604,130,44287,0,0
1340,-2.1832167832167904,379,226,44287,413,0
1341,0.1289044289044292,300,240,44287,255,0
1342,-0.02713286713286727,631,334,44287,466,0
1343,0.004452214452214401,-2882,350,44287,0,0
1344,0.14058275058275094,759,22,44288,0,0
1345,0.3981585081585093,-423,234,44288,175,0
1346,0.49899766899767034,-791,349,44288,0,0
1347,0.5602097902097917,909,25,44289,0,0
1348,0.5167599067599081,-615,116,44289,0,0
1349,0.6027738927738944,1950,175,44289,0,0
1350,0.8543822843822866,1474,269,44289,0,0
1351,0.6703729603729621,-1052,316,44289,0,0
1352,-1.912727272727279,-1210,71,44290,0,0
1353,1.1886713286713313,-924,126,44290,0,0
1354,3.6258275058275156,250,163,44290,0,0
1355,5.154965034965048,-462,184,44290,108,0
1356,6.252727272727291,-1530,217,44290,0,0
1357,4.0675291375291485,17966,295,44290,4,102
1358,6.816689976689995,-1769,318,44290,0,0
1359,8.250932400932424,-449,62,44291,416,0
1360,5.719347319347334,-1081,75,44291,0,0
1361,7.172983682983701,296,115,44291,318,0
1362,6.781351981351999,17195,293,44291,4,110
1363,10.555011655011684,-664,172,44292,33,0
1364,7.983682983683005,-2479,225,44292,355,0
1365,9.760955710955738,18736,297,44292,3,108
1366,9.64414918414921,1002,23,44293,0,0
1367,7.107692307692325,-1205,71,44293,469,0
1368,9.103356643356669,1236,156,44293,0,0
1369,6.9695804195804385,19552,297,44293,5,103
1370,1.0183216783216809,-1669,308,44293,185,0
1371,5.47613053613055,-1419,326,44293,331,0
1372,6.350582750582767,340,199,44294,0,0
1373,5.572261072261087,-1711,225,44294,318,0
1374,1.0277389277389295,2595,245,44294,0,0
1375,7.0633799533799735,18394,294,44294,5,110
1376,6.491142191142209,689,321,44294,0,0
1377,10.04347319347322,1858,342,44294,25,0
1378,11.623892773892806,1315,1,44295,334,0
1379,11.060163170163202,19242,295,44295,5,103
1380,8.711445221445244,-632,334,44295,139,0
1381,10.635104895104927,18328,297,44296,5,110
1382,6.321235431235447,1825,316,44296,0,110
1383,6.296177156177172,-776,76,44297,0,0
1384,1.5946853146853162,1317,153,44297,0,0
1385,6.416130536130552,-4225,254,44297,0,0
1386,6.919976689976707,1676,296,44297,184,0
1387,11.363216783216815,17669,297,44297,4,110
1388,11.86906759906763,1959,160,44298,0,0
1389,11.271375291375323,18665,298,44298,5,103
1390,9.210979020979046,2137,23,44299,0,0
1391,3.205384615384622,-562,71,44299,423,0
1392,1.413892773892776,1195,93,44299,0,0
1393,4.005501165501176,-304,166,44299,0,0
1394,2.4059906759906813,1092,216,44299,450,0
1395,3.279300699300708,-624,281,44299,439,0
1396,7.072400932400952,18180,299,44299,3,108
1397,9.132540792540818,839,103,44300,0,0
1398,7.247226107226127,-825,129,44300,279,0
1399,9.78347319347322,1826,185,44300,0,0
1400,10.30200466200469,17617,296,44300,4,110
1401,8.50773892773895,-528,31,44301,213,0
1402,8.585477855477878,-1036,75,44301,420,0
1403,10.167762237762265,18919,301,44301,4,109
1404,7.305874125874144,1576,321,44301,0,0
1405,8.086643356643378,-838,47,44302,33,0
1406,12.469860139860174,-671,81,44302,0,0
1407,12.14762237762241,18202,296,44302,4,102
1408,9.528997668997693,492,277,44303,0,0
1409,11.376666666666697,18691,298,44303,3,108
1410,7.077832167832186,1490,319,44303,0,0
1411,6.565011655011672,1717,333,44303,0,0
1412,3.9917948717948812,335,347,44303,328,0
1413,5.419650349650364,1684,48,44304,0,0
1414,3.2403962703962783,-509,89,44304,0,0
1415,5.961608391608408,18292,297,44304,4,110
1416,3.125244755244762,-565,326,44304,6,0
1417,5.388391608391622,-4058,50,44305,288,0
1418,6.028251748251765,446,67,44305,0,0
1419,5.542447552447568,652,116,44305,0,0
1420,3.5712354312354404,-1226,150,44305,0,0
1421,6.530652680652698,21200,297,44305,4,110
1422,6.207342657342674,-1641,40,44306,460,0
1423,5.070163170163184,-2391,347,44306,0,0
1424,3.1720279720279807,-1478,359,44306,153,0
1425,0.7500000000000017,2521,104,44307,0,0
1426,-2.3022377622377697,1783,316,44307,0,0
1427,0.19202797202797256,2761,282,44308,431,0
1428,0.00041958041958040093,-990,161,44309,261,0
1429,-0.055431235431235557,2909,327,44309,0,0
1430,-2.8402564102564187,1638,34,44310,209,0
1431,0.43454545454545523,-1721,171,44310,217,0
1432,2.7437762237762313,1884,222,44310,101,0
1433,4.556480186480199,710,268,44310,0,0
1434,5.5624242424242585,452,321,44310,183,0
1435,5.96254079254081,17906,328,44310,3,109
1436,5.709510489510505,-471,20,44311,471,0
1437,4.792634032634045,-1864,235,44311,0,0
1438,3.1556876456876544,-2006,96,44312,7,0
1439,0.7419347319347335,-1484,220,44312,144,0
1440,-2.454452214452222,986,272,44312,0,0
1441,-0.0017715617715617776,-920,266,44313,0,0
1442,-0.08158508158508185,614,242,44314,279,0
1443,0.15568764568764615,-1390,315,44314,330,0
1444,0.05780885780885796,-1082,323,44314,162,0
1445,-0.037039627039627224,2122,357,44314,276,0
1446,0.07321678321678338,1397,86,44315,0,0
1447,-2.1601165501165567,484,140,44316,0,0
1448,1.0808857808857832,-417,148,44316,109,0
1449,3.4071328671328764,-466,197,44316,0,0
1450,5.114592074592088,-2107,198,44316,0,0
1451,5.999090909090926,1664,211,44316,0,0
1452,6.172400932400949,18334,321,44316,3,109
1453,5.8243822843823,-3088,108,44317,220,0
1454,4.576620046620059,-955,287,44317,0,0
1455,2.941282051282059,-989,159,44318,246,0
1456,0.5501398601398612,-220,165,44318,18,0
1457,-4.783659673659688,-1514,194,44318,0,0
1458,0.674731934731936,1478,292,44318,447,0
1459,3.0031934731934813,1130,186,44319,0,0
1460,4.893379953379967,3633,52,44320,401,0
1461,5.850396270396286,799,96,44321,0,0
1462,6.15331002331004,18557,327,44321,3,109
1463,5.902354312354328,1370,61,44322,0,0
1464,4.878438228438242,-2477,212,44322,0,0
1465,3.1258741258741343,2304,277,44322,113,0
1466,0.6027039627039639,1489,31,44323,0,0
1467,-4.87561771561773,2512,336,44323,0,0
1468,0.6075757575757587,-861,158,44324,403,0
1469,2.9734265734265812,-694,261,44324,353,0
1470,4.781585081585094,-1172,147,44326,0,0
1471,5.759114219114235,2285,163,44326,0,0
1472,6.380559440559458,20265,332,44326,3,108
1473,6.297808857808875,2875,56,44327,134,0
1474,5.368787878787893,-1098,239,44327,0,0
1475,3.4422377622377716,371,263,44327,0,0
1476,1.0873193473193496,2011,273,44327,0,0
1477,-2.0399766899766965,591,62,44329,0,0
1478,0.3561538461538471,-815,78,44329,481,0
1479,0.03750582750582756,-615,135,44329,344,0
1480,-2.580792540792549,-1597,186,44329,0,0
1481,0.2115151515151515,-2634,260,44329,0,0
1482,2.655104895104902,355,88,44330,186,0
1483,4.519207459207472,-721,154,44330,143,0
1484,3.0448717948718023,-2109,273,44331,36,0
1485,6.594871794871813,19074,323,44331,7,112
1486,8.807575757575782,-2290,46,44332,0,0
1487,7.040466200466218,1544,116,44332,428,428
1488,9.775780885780911,1707,123,44332,148,0
1489,7.6441025641025835,17334,299,44332,4,110
1490,9.239440559440581,-527,98,44333,77,0
1491,13.965314685314723,981,270,44333,0,0
1492,14.416340326340366,21864,299,44333,4,110
1493,12.702214452214486,1829,181,44334,0,0
1494,8.767016317016342,18253,296,44334,4,110
1495,9.057342657342682,-403,207,44335,10,0
1496,5.464918414918429,508,245,44335,0,0
1497,0.5693240093240095,1034,261,44335,389,0
1498,0.6289976689976703,-1731,285,44335,114,0
1499,-2.6952214452214536,707,40,44336,0,0
1500,-0.020862470862470936,1655,89,44336,0,0
1501,-0.03902097902097917,-1203,179,44336,122,0
1502,0.3312354312354321,-409,47,44337,0,0
1503,-2.164895104895112,-1061,107,44337,0,0
1504,1.081491841491844,-980,173,44337,0,0
1505,3.4074825174825265,1175,306,44337,0,0
1506,5.286736596736611,-600,29,44339,0,0
1507,6.251095571095588,-1515,142,44339,30,0
1508,6.517902097902116,19103,325,44339,3,108
