peak_amplitude,integral,phase_angle,cycle_number,rise_time,pulse_width,gradient,type
-58.53057959921152,-39.3675943582583,-55.40177224538956,269.1488167346605,-58.20516388791208,-57.64370664388931,1.1059046135010295,pos
-28.500572816514573,-148.8575477152081,-26.708967560869347,261.21345864538756,-28.575457690424226,-28.570912862371387,0.9719647942013979,pos
-28.18018056188217,-21.407659580300766,-27.556940746560777,133.38938730250453,-28.098913716621713,-28.145692697139115,1.0000937600658184,pos
-54.233660414771556,-43.21436969206368,-51.48571203769149,257.39812672330896,-54.306465117082276,-54.15791946169993,1.0,pos
-42.682479892559655,-53.07554343875646,-39.978730829584975,221.01465789525778,-42.6475021796579,-42.63040155469884,1.0,pos
-80.66112438005787,86.52920737444039,-79.37010737571077,234.0597155868261,-80.3829581966879,-80.17473300880974,0.8380634390651085,pos
-41.10896447003425,-136.13967224014516,-39.36785864620245,298.829358178236,-41.1552525676275,-41.057610254226525,1.0000010624283668,pos
-38.9373405258484,-156.05365288259907,-37.41254047439602,310.2302291621712,-38.999304925014954,-38.827390354312904,1.0191326275341726,pos
-54.73921390550514,-18.443295415621733,-52.8842520134021,235.42698292255986,-54.726673838001275,-54.63354775002953,1.0,pos
-84.16276343731361,103.7688706454744,-82.32194762409378,230.44461254564072,-83.90951451641766,-83.81925761329002,0.8496413377635624,pos
-56.28282443136035,-41.53580410767458,-53.54902937764448,261.321661033467,-55.48226989809035,-54.47173321869742,1.0018904463297675,pos
-18.75904994048569,-15.593767888798066,-18.336213831288358,90.14499047667367,-18.711991918809073,-18.743966897292445,1.0085812356979404,pos
-60.436193849870214,-35.7290120534707,-56.32782735440912,269.62507315558435,-59.3348570484848,-57.79718284934949,0.9999866125870619,pos
-43.33117618919302,-25.79504939354162,-36.95765347148144,191.80433061862,-42.78790677288283,-42.932544791521096,1.0001582278481012,pos
-20.98621223387868,-205.94574510479342,-19.827145809695157,288.4480316211311,-21.058205789863624,-20.630722682900515,1.010714124938101,pos
-52.07820107518262,-44.60837426466137,-51.191388633549394,251.13599773622227,-51.8149007541195,-51.44313300870937,1.0,pos
-18.273170977254523,-13.619141088607684,-17.8271901284928,86.04257518055444,-18.07318484505933,-18.249888141140126,1.0000233785365464,pos
-41.65457095847172,-38.1851325238972,-40.60338219568892,203.62419433600252,-41.601954064598424,-41.57915459334625,1.0000237970586836,pos
-61.278166278343626,-58.46063289343439,-59.77871217230294,299.8787545663204,-60.33640553300879,-60.02483768923069,0.6284551822490667,pos
-67.38024453927137,-58.100237470982,-65.6046992042006,325.3072489182684,-67.22084285319089,-67.00122485062359,1.0000484460152974,pos
-97.54640383341366,155.38641230130867,-94.21712573469058,231.28173659145477,-97.6321780454418,-97.27244127921723,1.0,pos
-27.951090711830133,-26.620781733075876,-27.217758472798,137.610305419405,-27.92348112588258,-27.897193375818393,1.0,pos
-48.37825991539562,-80.09188443521076,-46.96490370769869,272.226034589241,-48.40025787296094,-48.390728657975195,0.9080968198112277,pos
-80.35960061583636,74.07620259251004,-78.73762873662132,245.23436183637668,-80.08482793539541,-80.12850714103357,1.3315294880103694,pos
-88.22438558327488,172.45634648502266,-86.39381622711501,178.30117389592687,-88.24325290330083,-87.89606566725891,1.0699580844986831,pos
-84.66811322110748,172.300448362759,-83.20185983956243,164.674685171375,-84.66934195349079,-84.43581851997305,1.116642031127728,pos
-52.516890703479085,-122.7305182861516,-50.97556065499327,331.19116649399166,-52.579030195467304,-52.3891666539007,1.1596929370470443,pos
-66.34484942349967,-47.02292238836596,-64.69612812868529,310.10064475177626,-66.12069972968608,-65.91604508153925,1.0254364446138091,pos
-65.0080860480707,-5.775820087412768,-62.893675825611915,263.72002342998877,-65.07461440755395,-64.96782706133953,1.0000760427360176,pos
-35.364227465971425,-97.01866467376384,-34.5982927479445,237.74462538787566,-35.3970347634809,-35.366405736715144,1.039961867463671,pos
-18.205191419558446,-233.57640780521214,-16.369481087073634,304.7094243612213,-18.2806136716739,-18.27773037770316,0.9758437308242994,pos
-27.360410929614687,-191.3708088043532,-26.032987403760625,299.28394190950985,-27.438222255622655,-27.081512516158583,0.9906482361033772,pos
-104.25103307314252,209.30143869651027,-101.85320074707265,205.25614043216524,-104.43612225032419,-104.0172230581359,0.993119123233078,pos
-27.81094699246214,-25.585100036448924,-26.58103665507371,135.38310505769158,-27.634991478037197,-27.771029895669578,0.9627082256589671,pos
-78.58252447280137,113.93682636076284,-77.08576478732304,198.54821215439358,-78.47444947375863,-78.3422997812734,1.5427667766776678,pos
-83.83984904929228,197.4825483994393,-82.45342846510532,136.49419745345315,-83.9425041202673,-83.74096421822756,0.5114380676501662,pos
-76.74387392462681,63.98033988125219,-75.10848087126325,240.42897088130084,-76.45989853005725,-76.09705743660557,1.2428361498897869,pos
-4.075477748608172,-248.31592961289985,-2.029205596998165,262.71786581079186,-4.156191126403607,-4.1410617258818885,0.9965096359743041,pos
-62.63235525320155,-68.84188320488565,-60.51116962092368,317.1345782622936,-62.63085585545883,-62.518314327823916,0.8719762538837106,pos
-33.657304593592514,-31.69893814460227,-30.388500004776244,162.82840559081498,-33.58914074199452,-33.494522105849406,0.9458293317758578,pos
-17.014189635006865,292.1004759425204,-18.899740672638195,-222.36071277436082,-16.877491330393926,-16.94834153012065,1.0637884278480405,pos
-30.79694981294687,-24.08837454557381,-26.5648262113143,142.68292696062306,-30.589387054130693,-30.64338933665736,1.0,pos
-65.88834848140604,-42.49893090013364,-63.79984032980613,304.0288834695451,-65.92757500673464,-65.9141887514647,1.0001305184846805,pos
-53.446579541007274,-33.11564245338784,-52.561731015292025,246.07574151881715,-53.48502680288944,-53.46676170624058,0.8490677134445535,pos
-47.30161137005622,-70.58754704894241,-45.88961515758349,258.35704351115294,-47.326470373746346,-47.251799560824715,1.3720116618075802,pos
-43.34057708178807,-56.667252522160375,-40.83592259943455,227.17557594906674,-43.1751582668682,-43.15666547881557,0.9576656607302249,pos
-56.4215159636814,-43.47005704782278,-52.13165550979411,262.40159501275,-55.70397324117903,-54.674393250272765,0.8899674131595369,pos
-53.40559561559976,-45.468808159642634,-51.378839902538935,256.62461568093005,-53.27148121148422,-53.09989079166456,1.0291187493993657,pos
-56.94032459849473,-15.490675311290618,-53.6080017222835,240.00056602886525,-57.02637516772454,-56.935189229071746,2.1127340823970036,pos
-25.436902132945978,-192.7078588257828,-23.819501471330074,292.6311865432295,-25.5247814901219,-25.14214262304861,0.9661766156882092,pos
-32.27215306584449,-29.09581817559722,-29.029761997913646,154.65868861529768,-32.066549495707946,-32.194405880234356,0.9966225724739657,pos
-48.74761637650203,-111.45525506650169,-47.27928008947644,304.85658706732886,-48.80859745511047,-48.56583807973837,0.718608903317288,pos
-18.68857548314731,17.163653136113616,-18.157569627483547,57.03153339716259,-18.73889584049548,-18.610145582149872,1.0000915164271986,pos
-32.39521846863164,-31.134725840407643,-31.46572716935818,159.7063538091325,-32.34213309288058,-32.368549237854396,1.0000269978401728,pos
-66.44351390972857,-44.638713248025006,-64.74068344151334,307.7609397424698,-66.18272539347409,-65.75530374972867,1.0518909632923226,pos
-49.720055808252056,-33.156620759045396,-46.98589693413307,229.251364846991,-49.72922670999967,-49.65956463556075,1.1053631627336806,pos
-41.76439510085158,-40.32096476804386,-40.83393925908907,206.3348387583827,-41.71447230860936,-41.70106732178887,1.001656356016763,pos
-55.997434605052135,-50.22312751854883,-52.224265319563216,268.4930603997988,-55.39670190455074,-54.651531052084174,1.0963847516567153,pos
-71.64331736371912,-22.6744428461855,-69.01661718759662,306.25924990710274,-71.61933791200399,-71.30553459759737,1.0,pos
-49.37285110992028,-62.82824407615093,-48.25136249292936,259.0960267388173,-49.427101662244354,-49.21646739757232,1.0,pos
-59.1724337702728,-38.91938267759906,-56.13824861920167,271.44790996016724,-58.88259653385954,-58.33524835923412,0.9997581157267436,pos
-58.62955276744999,-52.414498381242815,-57.41968305398288,285.47073236537216,-58.610647581948406,-58.39635058074781,1.015834809071059,pos
-66.55688091037123,34.48255126505739,-63.548188687574786,229.06867617743148,-66.76221047524832,-66.68394736929457,1.0002789011295496,pos
-34.486792305003675,-32.48369170263769,-33.92793171706038,169.80642771104237,-34.445384172149886,-34.46262781419073,1.0000463263226165,pos
-34.909474253231785,-184.9182382051704,-32.841632517830895,322.5410626196602,-34.99572585357598,-34.87599178985081,0.9197486761368412,pos
-73.1928661993507,-36.2597628353381,-71.35974687406397,326.4435700003008,-73.07157123560287,-72.55962285594529,0.8061593458519949,pos
-33.88583282439453,-14.452014509555971,-25.633797181902548,140.76243186524948,-33.15765814963471,-33.633129199761704,1.2460752219679272,pos
-48.55680734519716,-45.26476981874674,-46.328134986079995,236.1486844403979,-48.24235407831412,-47.756618212059806,0.98015625,pos
-41.47248109779202,-40.27705898650661,-38.91937941690356,203.2380710978669,-41.35138458449217,-41.21776701217253,1.003525829371227,pos
-77.81598520790453,20.968645722882894,-75.43833225731659,288.10164873170277,-77.92934551837519,-77.88663147098927,0.8125502070073534,pos
-5.774620621828188,-233.85366768422045,-4.865600247732899,255.78172637754218,-5.847134903436377,-5.440702920324343,1.0104012765203003,pos
-36.700748605851366,-22.79132783425804,-33.46691164772091,165.81686655803244,-36.285774635460875,-36.5721038347413,1.0,pos
-42.19750319931798,-39.54046143314523,-41.13164473183885,207.17856292344916,-42.15938030807198,-42.149573251075054,1.0,pos
-61.399005857745856,-30.286032034465396,-59.59257196144655,274.0740861314661,-61.43603006748759,-61.36044621032072,1.0000325203252032,pos
-47.937956220758274,-44.74275739432573,-47.116010965347144,235.47239805026828,-47.88601468113293,-47.789658788704166,1.0,pos
-80.2094023643528,152.13820823636283,-78.89219664218099,167.1701901128396,-80.19345702145341,-80.0133423212152,0.9047619047619048,pos
-82.78903417135257,88.16063256196004,-81.25072623656874,240.91437863287587,-82.57006419715606,-82.46518658975869,0.9997880890259199,pos
-64.44104492284671,30.85472360459967,-60.86619782797933,222.7465360657758,-64.36120983927852,-63.932807080270905,1.0,pos
-57.92579824305647,-40.60631346186122,-53.6565754871368,265.8897454290693,-57.291977243794655,-56.40908099322033,1.3910820362433265,pos
-67.53366899230063,-50.638850048598755,-65.87300788915829,318.3470061587262,-67.28433946000135,-67.01713976866709,0.977567147922412,pos
-27.595766053262977,-23.257973185804676,-26.961554994523816,132.90557514613496,-27.51975004650883,-27.57053086603472,1.000045828464059,pos
-20.880455642557994,-18.766284271500034,-19.91714691073769,101.26941091074282,-20.842618521411477,-20.862905564535666,0.918881061261484,pos
-57.93100558532046,-86.05925791813902,-55.46440787904345,315.41577479421716,-57.99116713094848,-57.96993628076548,0.9033834333086204,pos
-27.083624105575343,-24.26276778925096,-26.403100115884563,131.90706062111764,-27.0830499789239,-27.074518631482896,0.9798467725628525,pos
-50.84409054006974,-36.03324437617785,-49.92650770642994,238.6370114760132,-50.92651167521149,-50.906657178124235,1.0004005533758884,pos
-38.76420084003339,-156.45602265762898,-37.20698082430206,309.8623867225866,-38.827168024465784,-38.60801437615612,0.9581193634433577,pos
-42.94609421848776,-22.145152232969075,-26.8968929759793,174.95703613929254,-41.67521629104062,-41.29368042081578,0.5947309417040358,pos
-40.14668389708406,-155.9526916724533,-38.4277187302581,314.82429448478064,-40.213264453342894,-40.083935731642306,1.029035689229864,pos
-35.40896235916613,-156.99509762486136,-34.47232634530943,297.13092106992866,-35.44459289123964,-34.80994184935221,1.0432045779685264,pos
-57.08561185079068,-32.63879308399654,-54.22030821533724,257.44549742477625,-56.88942159509433,-56.61136267955736,0.9691712073415544,pos
-81.78489445809699,155.94595153788956,-79.68097477141472,168.4750893659094,-81.6134407348373,-81.34173093944975,1.1842914979757084,pos
-68.11506308531473,-36.95836034248791,-66.83370740380747,307.40757762750434,-68.08314893256346,-67.41729786333086,1.0000200308475051,pos
-62.17643425151998,-34.28472965432087,-59.43208112616527,279.34614020523657,-61.994034521685386,-61.45886065154492,1.1821986183144677,pos
-55.26489273596714,-44.65545949979253,-53.73299221770687,262.7443926570806,-54.833513819459064,-54.257534384154994,1.014836497320659,pos
-52.75111835374554,-41.6081837244593,-49.83075991761157,248.6588087356454,-52.39080142209055,-52.077945317738426,1.4262250054932981,pos
-27.494609964441068,-187.95607216553344,-25.8742498169936,296.2157816844949,-27.578950837439443,-27.311898900087428,0.9437628389966265,pos
-33.26920114064571,-25.27269987081116,-31.52433802698173,156.27526834809618,-33.144205046963066,-33.06482426269441,1.0002983993599113,pos
-74.33577824427076,208.7154105407799,-58.1002863507415,73.16564042040257,-74.88029404258235,-74.56469232358793,1.559313725490196,pos
-19.44305125577317,-16.070405943786277,-18.986481393924358,93.20053749267673,-19.27256622483318,-19.42803267435971,0.9999343645393485,pos
-41.250601618024746,-50.57484812152827,-37.56511269856788,211.68639464381332,-41.15700997431824,-41.13882223137426,1.0134752728742757,pos
-54.711886573016415,-43.05649446331448,-53.144898414109974,259.194542760907,-54.38938486013531,-53.89187845033082,1.0000569436488975,pos
-37.7729955514253,-33.85592636330608,-36.25432359212257,183.22838113136245,-37.70439071753184,-37.640744906976614,1.000023850109831,pos
-51.410747715059614,-61.84296988338506,-48.046152245653104,263.86971050194234,-51.407660662261236,-51.16217999558326,0.954715016916804,pos
-41.324983196424164,-38.42710828978145,-40.62986497952748,202.93108272674402,-41.280648105573334,-41.2684781554376,0.9999517001545595,pos
-53.319533336772885,-70.63136034968197,-50.79167004617595,281.24717022238576,-53.29295832025805,-53.2116481694968,0.9665094339622642,pos
-63.492802822498916,-43.1943666926405,-61.354208744449785,295.1161672203734,-63.5391319646365,-63.53565699614797,1.0,pos
-51.454818535030036,-41.644713562149356,-50.335097208294556,246.40236110238095,-51.49245320696639,-51.47527858994059,1.0,pos
-21.824676588325385,29.02825377474354,-21.18844022488414,57.38697212548081,-21.802348039955334,-21.599761047059506,1.0000009124179254,pos
-56.1152515116947,-41.116906682178204,-54.6880140779517,264.15969412043745,-56.161440763203544,-56.07808108540926,0.8495187702412991,pos
-50.741181383928534,-42.43808144468783,-47.81172326527062,242.34756756533085,-50.648886538239864,-50.70769493320386,1.1095489821167472,pos
-70.157023587439,-53.062794955039145,-68.61325652157431,331.54356634492314,-69.98065565788917,-69.72983562298134,0.915496563540046,pos
-47.317614431602756,-107.09915383973816,-39.49038667638112,288.1707151966191,-47.24753732064179,-47.01602292825499,0.701161656468919,pos
-56.43765065278673,-43.85353658327321,-54.49232733020229,267.4975447638402,-56.42504493508416,-56.28898526249393,1.1102141972030448,pos
-9.07296789639476,-228.00469217578532,-8.07250082698488,263.28278326989715,-9.142331435751869,-8.990290934980113,1.0259513380763097,pos
-61.111407479031236,5.437864987040889,-57.793212873288155,235.05169279733497,-60.999111972451296,-60.585825459605104,1.0,pos
-40.254316524258925,-35.93485052949241,-37.16647986305655,193.7537661761541,-40.18805939536867,-40.21005986397762,1.0,pos
-40.733933356862636,-152.4797195496495,-39.11684751518647,313.7786888673727,-40.8004440559335,-40.647744389740524,1.2346269296740995,pos
-60.531125504694074,-0.7969912919862165,-58.46698877150024,240.70620546604425,-60.53435219644108,-60.37674770142263,1.0000489668005093,pos
-52.62779788708036,-58.95093919117136,-51.06520632811914,267.7771519853176,-52.623223461614785,-52.50998511733195,0.8051577891280555,pos
-21.77592990872624,-20.764692306080512,-21.256345037028748,107.32110249831399,-21.76222771330713,-21.761907533171275,1.0204653510695623,pos
-56.71039365697172,-31.304626833283233,-55.22593634542622,256.2554434753369,-56.62955847330703,-56.38492816634867,1.2122799319914441,pos
-73.62116722499927,-4.706672676898568,-67.47884911505578,292.08010105548857,-73.50134752445193,-72.77206451408327,1.0002977667493798,pos
-51.59109803881163,-50.88173132609998,-49.579189297332135,254.65617783937105,-51.407175652261536,-51.19698352486585,1.0670559222455938,pos
-56.6649810978128,-50.889249524542215,-53.910636998713755,274.7646265973134,-56.65412585809107,-56.645633118153384,1.0,pos
-34.26563290373129,-28.60605806014502,-32.74806702084557,164.06122414941635,-34.19578880973012,-34.24567735496438,0.9317510745655018,pos
-63.31965672736759,-68.6237689936139,-61.55570400313265,320.053133387677,-63.31701611918924,-63.236987544373605,1.1155905734707838,pos
-55.88854630770134,5.982900410772853,-52.08195150806698,212.84792722768555,-55.73101356769082,-55.129316254999296,1.0,pos
-24.445868635912134,-197.25985667979984,-22.961106505242572,293.47466816130674,-24.530599383964727,-24.27723695638764,1.0610601614086574,pos
-52.8925431908578,-41.65036630394018,-50.00624296876745,249.5383680340857,-52.65832218788262,-52.330893382637505,1.0446746347941567,pos
-13.554306907805154,1.8897296885379986,-13.391599774907247,52.12635482447777,-13.560969661887121,-13.509208168416238,1.0000897129186603,pos
-58.78743150472809,-37.95854298803795,-56.21340345341093,267.9887485158788,-58.027759456944175,-57.00161111275766,1.0000176379455707,pos
-84.0612462490391,149.06100513062125,-82.28110833168309,184.96934568413735,-83.97470126644423,-83.71329496759213,0.8073044330835493,pos
-66.86839214623673,-3.0448969360261153,-65.2435013648571,269.0147518539624,-66.95758218278797,-66.90037922405423,1.1725513025760443,pos
-32.955575143596285,-31.502386405566753,-31.729989287954613,161.9973199290234,-32.903338564934536,-32.906030526971215,1.0963769409245048,pos
-66.0385577716079,29.697613910190626,-63.32118976346404,232.03681401179543,-66.21783228564821,-66.1568481012658,1.0001306591755406,pos
-15.518316183392098,-219.83654558493518,-14.437929197957358,280.7791113902021,-15.586982829822206,-15.399337594095108,0.998404888071807,pos
-91.28200101284494,83.03441101605817,-87.81148010274579,278.7487798851976,-91.43256333496966,-91.25714645069544,1.000517449548669,pos
-81.80141059958741,61.71819438423318,-80.10008689197458,262.98966656017245,-81.51651245649025,-81.28985099635348,0.9999386672391057,pos
-41.79139087956321,-36.17368224838653,-40.933821104656055,202.35356154003927,-41.73390283041566,-41.72076447701781,1.0000198062944403,pos
-56.1858165200718,-38.4360113128689,-54.77022569016905,261.7678195646679,-56.215366208999164,-56.16039983255885,1.2394000703729768,pos
-47.55626314553932,193.6175303519474,-47.316099600226806,-3.591548999796572,-47.58654638905795,-47.56707221732681,0.6047670620140705,pos
-57.53785848262721,9.256482610061044,-53.336791013043296,215.7253838123999,-57.35164471056104,-56.75557221622931,1.1854748159742712,pos
-53.726450515952706,-32.10793814172456,-53.23369938332345,246.58559244413502,-53.76908312252632,-53.748421280607985,1.0,pos
-48.14698985002642,-86.63706576814594,-44.38282087647191,275.35074301937146,-48.17671257731308,-48.00715394741403,1.3470524227101068,pos
-35.382499522232784,-34.54012336457274,-34.31555930448951,174.91806751007329,-35.33960379449747,-35.3402815242808,1.0,pos
-56.25068970543394,-63.99343697170172,-53.86633286000565,286.2335596147477,-56.17554373458171,-55.947556343024615,1.1954899033550719,pos
-50.34704438096698,-46.52167269371805,-49.507310547176424,246.29899936892036,-50.11972687603731,-49.803244871021526,1.0000311148448926,pos
-103.75175896029434,229.0860947460139,-101.6570834202127,183.7449847532046,-103.89580179192576,-103.52643532678583,0.9657323609524646,pos
-14.50562263080052,-8.429688619954078,-13.358914110006712,65.27956673375652,-14.499429132041143,-14.485912240954065,1.0901128668171558,pos
-13.078012774458937,-8.300090523874895,-12.737217558397578,59.97733070678724,-12.983127027243178,-12.878882822812642,1.0259639303482586,pos
-44.27832976559423,-38.95293097234133,-38.255712347177294,209.9149715741593,-44.23669801465447,-44.19130047439192,0.9109393036441221,pos
-55.42325472944174,-44.66029176766433,-53.094405043174625,263.1451331980282,-55.146357389381464,-54.82082426836594,1.0,pos
-55.45425349648929,-67.09426241039375,-53.98739301358073,287.4528469726774,-55.48696884168945,-55.4299692105241,1.147794846382557,pos
-56.88531359456508,18.54977309268135,-52.37833698737142,203.52290297532653,-56.73295847887068,-56.07606700720072,1.5048787098522836,pos
-83.19245728814327,125.92565838259776,-81.39058572219385,204.62473572166704,-83.09171530807663,-82.87563578585109,1.3118232744116076,pos
-54.525140730502144,-48.24276360409646,-52.69223286858205,264.3997473528517,-54.528498991327574,-54.41111115834344,1.0,pos
-84.75619251610259,153.3841846563558,-83.35395912077958,184.06061323511761,-84.7486696055651,-84.58597664902634,0.7091835655833034,pos
-57.11135442378351,84.83581365489961,-56.14292347412329,142.69788052183705,-57.204454167589944,-57.07496211123997,2.594879378870506,neg
-66.48794746662912,-43.73914330981095,-65.22426103608016,307.52207317666796,-66.36245597611567,-65.7082653880322,1.0431461722348552,neg
-54.23597922274389,-55.998689206901744,-49.87255150253281,268.3731494463172,-54.14685181207281,-54.11907770206587,1.0829855581360575,neg
-17.74380227550032,-16.860315881496515,-16.96207166712452,86.85062665449425,-17.54134010437416,-17.743096725998722,1.000043267566632,neg
-47.996970189538025,-46.53171190696687,-46.63052017844724,236.76928629827609,-47.877007260131506,-47.73307676319236,0.9401925360689289,neg
-70.74033802064152,-20.71917479724156,-69.67050087988657,301.2171230306031,-70.61111697413102,-69.4759923587025,0.904491055288911,neg
-55.43128301162122,-49.53406405223282,-53.6695708379648,268.1028431927659,-55.00252593581,-54.465399355136924,1.0455360344209395,neg
-67.08728620520175,90.61348333031232,-65.77866340164076,176.43027745763152,-67.19219690503381,-66.98561427606748,1.9900809608063912,neg
-47.81987011780769,-25.632750446233942,-44.91132002551886,214.0313625143534,-47.85944490486331,-47.807977019929616,0.8449123970596363,neg
-74.76231847343038,42.113405789867684,-72.51456378319176,253.13875600711623,-73.80652671109226,-74.16875282926942,1.5004089715441904,neg
-38.328121199292234,-42.54381863646183,-37.068729919237576,194.4023299238287,-38.15379789537253,-38.307862273464416,1.1144529798042373,neg
-73.03279649328216,48.32610400881971,-69.57087150380465,237.0931377105944,-71.12165662191838,-71.69391710040883,1.0163438035825034,neg
-67.29620020316291,-72.3931710629784,-65.50452344827323,339.7217309516199,-67.29103534938018,-67.23680088782534,1.000025660106233,neg
-60.92598516092199,-41.27222594923479,-58.11485755781557,278.9870869729998,-59.936481676429985,-58.73753662859741,0.9999039385206532,neg
-20.05777176704055,-21.085951081865296,-19.519126459297485,100.7701825013122,-20.05225646520372,-20.055076727905174,1.0000250100040016,neg
-78.47039594276235,-11.617795589089866,-75.30137554946192,321.1018136720368,-78.31740545405816,-77.3948411366644,1.0000884877444474,neg
-60.75342788802155,-44.50163280151604,-58.254089198026996,284.9418326390511,-60.76355111311213,-60.66913163837435,0.9368666278392546,neg
-65.75188195474814,-46.65853783609126,-64.49044576811376,308.4354459725327,-65.7842387258469,-65.75034168773233,1.0,neg
-62.62517672397632,-72.41969347106999,-54.496255546519244,314.26450060718463,-62.54393642398267,-62.17943844163618,1.0,neg
-27.240359327222173,-26.04076807336097,-25.393150105624596,133.0373391026792,-27.17127433516536,-27.191787261306143,1.0,neg
-74.97756408529362,4.8093513343283405,-73.22602947124322,293.60665414051226,-75.10923265835063,-75.10317925995304,0.9999705397124676,neg
-42.7518142788784,-42.65062648294328,-41.44582141080139,212.2056036474786,-42.69995736871645,-42.65738410613916,1.0225463798562002,neg
-61.06819099346483,-31.276727477394893,-57.7939478104733,272.2405423655134,-61.10579585277484,-60.99588023140562,1.0002611873191307,neg
-52.40188610558496,-79.31058808773787,-50.02827649204068,286.4311601899543,-52.35282768998905,-52.3375818146016,1.128440366972477,neg
-60.46652862877933,42.00255446063915,-59.37653697014922,198.8257340505233,-60.55864634916246,-60.42657656307127,0.9999736599499539,neg
-61.405899405652036,-52.33215757299521,-59.58360813549875,295.8955442624797,-61.341984892348464,-61.23189425598532,1.0204815864022663,neg
-82.26107475968871,47.59398385692835,-80.7446215917371,279.20257541307774,-81.83188658027127,-81.95897633830894,1.0,neg
-69.97522433984525,-45.43315953662732,-67.83153085030584,323.1928407039495,-69.98348441831364,-69.96944155885711,1.0000002606793048,neg
-81.64868187354656,9.195434019480844,-78.78745773002392,312.0813832438671,-81.29581320631333,-79.54486445346407,1.0,neg
-48.94271433867632,-46.2183804174138,-48.019563500531106,240.68291609300076,-48.83583501911317,-48.66642281726639,1.0,neg
-58.66031662165997,-52.241338076508946,-57.08181601458835,285.28436981651816,-58.69113773480189,-58.60976136895914,1.0,neg
-12.227703650499352,-12.0280259046951,-11.96657856830942,60.59540389054503,-12.14859792379134,-12.224497843249843,0.97297802362087,neg
-59.99894584789983,-10.52884094967276,-51.89376449192202,234.0175437400758,-57.45675569781346,-54.13923675276781,0.9895763281775387,neg
-60.82808036927397,-52.50406702486822,-57.730812309653196,292.4326872722664,-60.81029646094012,-60.55943110753083,0.7781408716878617,neg
-71.6142999690052,16.67297237984757,-70.02343554559457,265.9337194122354,-70.73217322048829,-70.23678305699494,1.0,neg
-15.074124018823648,-14.639562331860763,-14.666261159360797,74.47049894240484,-15.025353595720226,-15.065197836639413,1.0,neg
-66.72564449651898,-69.35019676663434,-64.886627851079,334.293641899938,-66.70516965293773,-66.62600313276793,1.0632814688431078,neg
-74.17085758417747,119.42080276920876,-68.82077294137456,172.38240106192112,-74.45281283945066,-74.35876046612724,1.0,neg
-67.2924595032279,-53.15461832299097,-66.00489459692115,320.9523977190089,-67.27677281009403,-67.22365248577482,1.0,neg
-42.75117867977575,-42.277025378870874,-41.64053143331272,212.006540957646,-42.62318303118284,-42.714622434503944,1.0163163852931043,neg
-70.81898269408546,-46.282976409274895,-68.22173595348114,326.68022602421524,-70.77182042932344,-70.58471053805016,1.6603570100409073,neg
-19.73985707449577,-18.066427390049423,-18.92532018981759,96.08303503982877,-19.632416544441913,-19.719013841024097,1.0,neg
-55.531160636555505,-49.46531459333426,-52.26179892026162,264.30851796949037,-52.91760599776927,-54.132637821569666,1.159871111661916,neg
-58.79587403561427,-42.98491114295542,-56.868621394995955,273.92559513544177,-57.548032687466,-57.728155874410135,0.5786008406965771,neg
-60.57891802149694,42.60831553016334,-59.40282691198526,198.5833301274785,-60.67489247250906,-60.53500825165061,0.9999716440764476,neg
-53.26219337645986,-49.5358976192261,-51.90745815467192,259.9132899438034,-52.854785319612326,-52.352955473833106,0.9556391834872847,neg
-60.78141686741723,-48.1060884625029,-58.405338497752254,288.743027250012,-60.77022920411618,-60.67995421822321,1.0229849595063634,neg
-80.63981552194043,39.90871689745328,-79.00637968830728,280.18190061921837,-80.1377919521781,-80.30663035424595,1.0,neg
-39.405241265037006,-37.94342999905254,-38.74208982862277,194.8454009998322,-39.378639208075654,-39.37600069904443,0.9573180219711823,neg
-78.80170028753459,-13.734259196298428,-77.4640290626599,326.1235608344976,-78.63748313530517,-77.48608915269966,1.094969609724888,neg
-80.9230713940635,36.03561725012289,-74.45623245508702,281.74780026372866,-81.25523170924478,-81.14888195545626,1.4604203935599285,neg
-54.43514361191782,-73.37135077953549,-52.296862629449635,285.0723228902869,-52.75030429022557,-52.21866157915825,0.9556144057056082,neg
-33.62039641385524,-32.9910227605719,-32.35111845250604,166.10677328779212,-33.58226381559344,-33.561971845265454,0.9472766299973169,neg
-68.4184571977465,-46.9453218028943,-66.95900504246468,319.0723912916256,-68.40862912331305,-68.34097812520712,1.0,neg
-41.13583505782011,-39.79138475310794,-38.275532228984396,200.91165578114817,-40.66763234396935,-41.041271397266385,0.9422652098632754,neg
-59.79810917835255,-47.69274353172526,-58.70629027670928,285.7105433572811,-59.78977371686452,-59.72362665362932,0.95984907295409,neg
-66.00445391677144,-32.80677637089108,-64.19698350878677,294.7394148068171,-66.02407179760621,-65.70712921276167,1.0,neg
-54.4142936116744,-50.50204696739045,-53.213609155679414,265.70455332831466,-54.017215580598155,-53.557388012972076,1.0,neg
-73.9610127769269,5.026639001411033,-71.30357507171007,286.6185427633817,-73.99572538405644,-72.38486853209922,1.0,neg
-61.598464789645796,-60.59386165386334,-60.20746883524741,305.21116236204466,-61.495498592914586,-61.31586849037362,1.0,neg
-44.58414223572569,-43.032320617681854,-42.64198925781176,218.95845379053597,-44.45259514239281,-44.24740653692396,0.9069644208932627,neg
-69.353620316643,-0.33996614171183387,-67.01185911551028,275.54985995106966,-69.45479929766806,-69.38961507953634,0.9999177462471726,neg
-77.13278600351042,22.922009698894833,-75.32782728653596,284.08313356476265,-77.27926315937353,-77.2652668142375,1.0,neg
-58.84732411973265,-54.108049123721464,-56.168496623239456,286.397447043336,-58.74921107954118,-58.52436609710109,1.008541070698815,neg
-61.5389154887425,-35.7736620891131,-58.35542141049135,274.7454900186169,-60.26044389500421,-58.817047135265575,0.9322864067865078,neg
-56.05494545832003,-59.3014759997408,-54.905213354520576,282.3401759750889,-56.072353921183705,-56.006187241323715,1.0,neg
-40.0713850795184,-38.72011343018261,-37.98610391613942,196.65520683794833,-39.963984171240185,-39.91362024086761,1.0093980432791942,neg
-58.217752879067966,-61.599727690441604,-55.46588042734322,291.02728276901087,-58.04184741614279,-57.70207435601506,1.0076550998948475,neg
-73.22532630341745,-51.260305685992996,-71.69181549912167,341.70239144666317,-73.09488950619968,-72.4300544519314,0.9999576961313112,neg
-35.2401864838885,-29.878316018176765,-30.75549779467471,166.16758055217463,-35.16462624722469,-35.12895400820989,0.8603328268610168,neg
-59.59201813980575,34.40892556136757,-57.285862594407206,201.95291095911702,-59.783290665331386,-59.70066512094021,0.6368032050839262,neg
-29.282551411080018,-26.782473962823207,-27.35665902702702,141.7473875714631,-29.104206146180115,-29.221497024352765,0.8841299754440066,neg
-62.92025165595375,-43.7410929779992,-61.800710944305806,294.2731260137105,-62.92604785347782,-62.88502258197421,1.0,neg
-19.40238908301011,-19.60593714355482,-18.015985415136566,95.4816881683252,-19.05942160291751,-19.397954923706216,1.0000673128702209,neg
-81.1590555600028,42.62238338846231,-79.06414707069956,280.20295828692684,-81.30728649946377,-81.29485254522325,1.0,neg
-49.86962678196147,-78.25187514616889,-44.29570176691115,271.90470269417125,-49.773185119360235,-49.714313879769406,1.0,neg
-59.85334612365378,5.936658627939022,-57.01968165400993,229.72180801676643,-59.99970407641346,-58.78573479062834,0.574435318275154,neg
-67.79003961111822,240.3531427418742,-65.06260672578755,27.01304992051786,-67.88205923690273,-66.6314870885836,1.5155168150346192,neg
-7.03048637249402,233.04778735887297,-13.187894644826283,-198.59906530900625,-6.986490765121251,-7.243850267425202,0.4000447894893998,neg
-55.947954950157246,-47.57920624134942,-54.509031587675445,268.4784155426311,-55.50061618441399,-54.941606579035074,1.0,neg
-57.64511329794536,-43.647677486885634,-55.279506209206616,271.61824074410293,-57.62268121002532,-57.423262540040064,0.7298094166995958,neg
-57.32502352708373,-50.677237242477545,-55.086780142551326,274.2115939678011,-55.69105421287171,-55.431498842816595,0.68770145193246,neg
-61.51168575533649,-55.2160256041586,-59.91760397256783,299.4267627813102,-61.45688105352984,-61.32456639571721,0.8951011949380484,neg
-34.404761308118665,-31.361919622982587,-30.495476095331366,164.8690638881495,-34.335677667670865,-34.27122919404609,1.2990529265111599,neg
-57.964570820469305,75.86769546906814,-54.773568638630856,152.07578804851798,-57.761761878477415,-57.44358218000846,0.8532670133393624,neg
-64.31991681567926,-72.23400378448835,-62.813143914012436,327.8016520106943,-64.28031916863249,-64.15426832788168,1.1712656323671389,neg
-6.88725442158895,271.5489769090836,-10.019541861630683,-241.17940964773723,-6.724090484669826,-6.738680493456751,0.8020862789455494,neg
-76.45621921947703,47.32110626973276,-73.32277770566243,253.42770810913387,-76.29193011065635,-74.67788734307068,1.431022570244127,neg
-75.11513434858865,20.273141745501434,-72.76131698351072,277.8375952067263,-75.18720332512231,-75.04708229500615,1.0002738654147105,neg
-73.3141863933732,-25.874456245919255,-71.45575588970954,315.4906464366342,-73.11363104185993,-71.73261686577227,1.1263907432131732,neg
-65.38276020970882,-42.58215179577895,-63.02596680321803,301.5411636410805,-65.33491736531765,-65.21536746705696,1.0448433806146573,neg
-75.46240438579741,-25.66033358250146,-73.29840034462181,324.3296937160761,-75.41118685603382,-74.49736854712192,0.8918911264055287,neg
-57.35913955672756,-54.711858119475295,-55.40295938687533,281.36084874406,-57.03094988563468,-56.855941795347135,0.9190837937384899,neg
-54.673933723924144,-43.69882691750423,-52.75727007456213,258.8154556517093,-54.183117054830284,-53.5023078808885,0.999922935158046,neg
-50.46837407039123,-62.43680286843461,-48.834873647974206,262.56465289089385,-50.486758930195826,-50.33784337389789,1.0002252515223649,neg
-7.123721688877072,-235.58844959948607,-0.43076636258001855,256.7947827119674,-7.079162201607963,-6.572682859416444,0.43171288743882547,neg
-47.210813249843305,-69.02067604470625,-44.169737048371836,254.51423794321897,-47.10909098052758,-47.00392061976989,1.0,neg
-55.53940210916199,-49.65182872862989,-54.57477806448558,269.89280733526897,-55.24348710015078,-54.883311332840684,1.03081341576206,neg
-47.79357979269052,-79.42804733361191,-44.84958762725889,268.3398011319809,-48.15707321679256,-48.11151316162685,1.6662766727951417,neg
-69.39449702250232,-57.43408521592199,-67.12353455379208,331.15509950762583,-69.05432544241687,-68.14865727299275,0.877514935569427,neg
-60.84868882329443,-3.3832119150048126,-58.11785697257995,243.9216331168422,-60.90522756746931,-60.66664783849368,1.0848375451263539,neg
-73.30537525804296,192.98810765540225,-67.38945398412773,94.96605850124187,-73.67775266971464,-73.58158424475884,1.0115097342965593,neg
-108.4975793299807,186.70657571619785,-107.58408777892195,246.687067061483,-108.6618363983196,-108.65013927045871,0.8650465966733514,neg
-34.67552120656497,-33.3828086676922,-34.02737328967664,171.31936249311192,-34.58760274576359,-34.646056583414484,0.9804581979825612,neg
-74.0644842086698,0.918337298974327,-72.36195984593778,292.312822879884,-73.19224571592007,-73.61247040833062,1.0483382298934998,neg
-76.59603519063751,60.79019907640578,-74.14642642755379,243.43382412327296,-76.7633036945163,-76.71825788697129,1.0,neg
-62.72231023481641,-47.12219758394607,-60.09103436190245,294.2048502850904,-62.388845814817245,-61.88046228960834,0.9999919146581105,neg
-49.17331568001889,-70.9228477450625,-47.91433172858613,266.3464824240785,-49.20009541306328,-49.13589185734757,0.9472417382253447,neg
-79.84619521755016,136.67258750866733,-77.06669475155363,177.9287353550628,-78.9796553422174,-78.70877755240896,1.0598810772997551,neg
-64.2571607927033,-44.17220169452187,-62.40033729465325,299.2529377601653,-64.2489487243367,-64.1742892539503,1.0000898740605266,neg
-74.26468374595532,74.6133510106775,-71.2647327244698,216.29320580292566,-72.92418068129912,-72.45295966187896,0.8944924084548973,neg
-67.00952457298479,-31.964804875585962,-65.42958610975363,296.75975415492155,-66.90193372812662,-65.4539048684704,0.9999468650371944,neg
-56.23303975836203,-54.83342012928954,-54.105899952194505,277.2926143172286,-56.23384030228513,-55.88641417509747,1.000075264366086,neg
-84.80139574165737,170.20173957743927,-82.6619162123656,166.36672647699,-84.54046858143275,-84.56468551897385,0.7230668628412621,neg
-63.39067515684259,-38.92940953894678,-61.56338463461414,288.9405441395933,-62.869087499873004,-62.18798730931696,1.0000654643055873,neg
-17.396190847653564,-15.275501979719296,-16.12575630834406,83.50907079490229,-17.3309941295975,-17.38062752958791,0.9999984245603479,neg
-64.89061103827324,-39.268935636783915,-63.0028175970996,296.86188864991846,-64.8939503678238,-64.80557400993786,0.8730251921434671,neg
-62.86296994602862,-34.89221868306115,-60.716442953816674,284.0949668078839,-62.85468908919809,-62.768646135779356,1.0000703878369819,neg
-44.02065961055639,-44.02972425900414,-43.261093626527014,219.2305407942659,-43.93294364019096,-43.98611965798733,1.0328297691452488,neg
-66.97020182533048,-48.86250289393179,-65.55843999700964,315.1604330063977,-66.93540644962827,-66.83388184049764,0.9586294615549934,neg
-38.183276931461876,-36.33180880442059,-37.14653124385025,187.94803401094154,-38.120165979447094,-38.16625105176177,1.0,neg
-67.6399408732184,-44.83983005974031,-65.02698455587121,312.0905454050586,-67.67483784567095,-66.90895207055745,1.0369438559322033,neg
-68.74242981427457,250.16010307959186,-65.17838784159605,20.1181386982174,-68.67152971700405,-67.68589440493447,1.57213747472891,neg
-15.110667487833465,-13.847722930007912,-14.368445018744014,73.49454411863051,-15.069458243373195,-15.098250438671915,1.0000477161085224,neg
-61.45399258198993,-60.01610158547432,-60.12333065118686,304.3158927632698,-61.414122075519984,-61.30834586909881,1.0,neg
-81.38652297361712,161.0022488909303,-79.61254218373428,162.39390325750037,-81.32676070885428,-81.070326282225,1.0312650467049722,neg
-46.43246375690099,-44.99583200883256,-43.9902763890422,227.8839969966079,-46.26528124841021,-46.20014359342194,0.9235353908704491,neg
-55.37893386255234,-45.48491025964803,-52.918494678159085,262.55014681417714,-54.749529778643016,-54.01827823517487,1.0094327597195667,neg
-23.309516530233118,-21.785248556478713,-22.57384951439537,114.2378717520871,-23.285681149096067,-23.28357600188378,1.0026128120004918,neg
-58.43949394177153,27.73097275419274,-56.28547115677279,204.16742902810782,-58.62271234570819,-58.550724338048056,1.0,neg
-78.8106716558245,106.80650259404794,-77.08766986038404,206.4400464812514,-78.55454581134751,-78.79366174774333,1.0,neg
-65.43274927169085,-64.20332934502035,-62.61762740678486,322.3020837224847,-65.41383878310064,-64.63453891588799,1.0429108090314085,neg
-17.404080138461268,-15.529367655257719,-16.372836194119543,84.05065472406103,-17.36179258981276,-17.38257814640973,0.9943994345060084,neg
-71.49457677145735,-40.71531966968071,-68.85496209029655,322.82808795851633,-71.28343414597208,-70.47979528110965,1.0,neg
-58.685814386295796,-20.007664670090737,-53.327502785184784,243.54667493568624,-56.93798794930762,-54.58770514480717,1.0,neg
-61.79321040347338,-38.83991137786518,-60.47739195710671,284.7021304333575,-61.81770627078384,-61.77391042412837,1.00021695268262,neg
-46.57143363860655,-58.743681974643586,-45.73686848784158,244.10765955700649,-46.56353532894519,-46.49214012696964,1.0,neg
-59.7715170137412,-39.936864577779865,-57.43045664082465,274.03307078117024,-58.9671265331955,-57.92710601562909,0.954502712477396,neg
-56.046464310283206,-54.72447181050192,-54.0120888766939,276.5529931991184,-56.07715361766315,-55.69281458397647,0.9122841380210883,neg
-88.75665001401457,204.260424450329,-85.45844648351122,148.02116647016953,-89.10012761071039,-88.96636681226235,0.9824529224749328,neg
-60.53235432404574,-32.85122278215002,-56.02938728896766,265.60082526301534,-59.0187080903239,-57.16915277752798,1.0000770302804023,neg
-40.30086596455006,-32.2903694684696,-37.60543584752086,190.6308316044407,-40.15935275518904,-40.27480756871111,1.0,neg
-23.985017334389926,-23.193839499754286,-23.26908092254815,118.30620869744588,-23.881269615964015,-23.977001324789537,0.9706182299275102,neg
-60.56337659247729,-47.28809131766206,-58.14586699741347,286.8792929044146,-60.5361405533371,-60.34581744352448,1.0,neg
-55.337204665130805,-79.41089485933502,-51.9518786890821,297.10063109495115,-55.28449088305085,-55.1161619983525,0.9999481053778627,neg
-75.22922404399782,-25.892652887848868,-73.63360631489024,324.34931155931463,-75.19219293652343,-74.40163537605464,1.0286307136729116,neg
-61.08659544667911,-58.31597449367613,-58.46259240109739,300.03148476262277,-61.12337391145516,-61.04294850971482,1.5427526483941483,neg
-75.30013761922683,26.892012600099942,-73.8726217067135,272.1434639693228,-74.84125829665571,-75.02145894682663,1.0,neg
-68.79022119302655,-50.84594306973687,-67.30736751083387,323.64629631428426,-68.6347208526257,-68.0680436880611,0.9378989201557545,neg
-62.750716746477465,-26.302464006866007,-57.12901317849929,265.2942532834103,-60.765837017060505,-58.34622233450718,1.0,neg
-64.0990734254159,-59.91747057099109,-60.793361907965966,312.8878658540517,-64.08448443849478,-63.99347551118412,1.0000976800976802,neg
-59.369290952049084,-32.789832504969624,-57.416670698488105,268.4225929396894,-59.44405889142653,-59.402739892755996,0.9220128631912349,neg
-70.10765642512104,-15.24269428394834,-69.0853905715003,293.6998491401992,-69.58388850782262,-69.68021935180667,0.887149979665306,neg
-72.78812301141079,-43.58389984989778,-69.88816915309474,330.9400806434645,-72.65217149885326,-72.02771713020768,0.9998389240124028,neg
-69.2399725693705,-10.18878652562062,-67.30093592316503,284.076158216857,-69.29826290772138,-68.04820029097948,1.0000340831629175,neg
-40.21087258021697,-35.52391379514617,-38.629277394685175,194.61487532368852,-40.112358399224114,-40.13845315441612,0.9713328103829423,neg
-24.016798910338714,-23.0201614724974,-22.67221035210113,117.63815992604523,-23.934151420863596,-23.994837770244377,1.0251401120896717,neg
-96.14412502165402,84.84581834327153,-94.98953293485341,298.89988530434437,-96.32546321749624,-96.28658247361213,1.126827912149013,neg
-66.40805020661304,-0.7985849846245757,-63.65984466469979,263.8370414462693,-66.52497477615798,-66.44558681417385,0.7867797142408541,neg
-64.01937710277807,13.384847435923415,-60.78313916544505,236.49701421170067,-62.272069437007744,-62.80727594239332,0.4517116696798274,neg
-53.87964686548808,-59.57266087054939,-51.186628841244556,268.3740319151224,-51.79265818035587,-51.94243715748446,1.8854015561123565,neg
-79.16309500878903,26.690730846127714,-76.94541239415886,287.71169817863483,-79.22769141125038,-79.06623021056413,1.0,neg
-76.50597337227995,-7.136158017330564,-75.09985880974456,310.4374230556719,-76.4353673801779,-75.26006547613895,1.0001264576981825,neg
-72.36048175055626,167.14964386845537,-67.58075659186707,118.09858818383407,-72.6909408032859,-72.61605290658026,1.0936305036600023,neg
-50.39885578872578,241.3547509075265,-49.83567218347786,-40.73067336881042,-50.246609818653184,-50.14293974785942,0.7533610512579284,neg
-77.5658740939744,63.532714503613754,-76.57240744391007,245.2493106009385,-77.4417649912476,-77.20197857542018,1.3602851851114253,neg
-41.53699826130571,-39.7957177001677,-40.7363063653355,204.8753100607362,-41.32347968257782,-41.48280805134944,0.9441818276962793,neg
-24.954940670783532,-24.462627577329332,-23.926756100074915,123.00167852296904,-24.706000557346517,-24.95135361743479,0.9979683895182673,neg
-66.20429864181318,-8.038831520716005,-64.48791798986001,268.74745197960107,-65.17099614363927,-64.84540768357257,1.386764454083671,neg
-64.55946090286119,-7.635356106591424,-61.604230864807896,263.03242913288807,-64.65241188236283,-64.58096937626473,1.0,neg
-51.534751303100116,-41.8906843030348,-49.65074858988552,244.1762568763408,-50.958705061463064,-50.14136761885739,1.0000367336443448,neg
-72.30583018177862,-49.30109967470863,-66.42550325229932,332.30687787946704,-72.21304755110683,-72.06139721957355,1.4248151191454397,neg
-50.24955969623635,-71.18273954026093,-47.64968637982963,269.56980455454453,-50.27703653587645,-50.21078240234111,0.9081875495803933,neg
-13.535278186683732,-129.82644138898635,-12.79602770636181,183.3540080384721,-13.615438168265687,-13.580822588174659,1.0084300254110814,neg
-50.219486287418256,-37.65654976781362,-45.72203977743246,232.81697662532255,-49.54647503393194,-49.67242575872628,1.0,neg
-68.32368462730896,-43.02164653266277,-64.12094803266866,310.8431841680729,-67.98248221320148,-67.39442276223093,0.9167135621834552,neg
-29.112323658007565,-189.7126098874967,-27.779739130541248,304.48783961595916,-29.180752706125563,-28.70241423378781,1.0561199649453081,neg
-76.1940842623947,-36.38295820843999,-70.97035931748124,336.0143845368596,-76.25390812978931,-76.21307461875442,1.0,neg
-46.46094752130383,-59.615734050133725,-45.64881671525778,244.53105421057808,-46.441034054613176,-46.36452186926952,0.8411425067702213,neg
-28.616099668390248,-28.410187623920123,-28.10061438910011,142.31482254082673,-28.58824869605993,-28.59967216335632,0.9920309690795122,neg
-86.66755748878103,129.92599873999697,-85.38334980049217,215.1672394481396,-86.60308143396298,-86.4392494649005,0.7647440594577619,neg
-81.10210380423375,15.290682991984482,-78.76845682325497,306.5456687127297,-81.18777691650958,-80.7780141607157,1.0,neg
-68.65299515583435,-57.2875530202507,-67.1420921135947,328.40427792677156,-68.09974274835596,-67.22189488873589,1.3567402478087056,neg
-68.89550764846079,85.71175189142804,-64.92700292282065,186.38303283572924,-69.16613809153411,-69.10613606434168,0.9932872417396896,neg
-74.83593761619,-22.941801117139235,-73.42888802801316,319.9156932534342,-74.74764550871305,-73.9614209833786,0.9521377034843275,neg
-39.88236405088289,-46.77447910377311,-38.13175107578805,204.12459924364828,-39.468903181901034,-39.867101831303174,0.8630698068571026,neg
-62.657882504041915,-58.50872653496257,-61.39038315178318,307.8045791540709,-62.64960261923384,-62.597984344049415,1.0,neg
-54.73179934677458,-50.92958698010731,-53.58345456122167,267.4297605857401,-54.321818336777795,-53.86310136085852,1.0180229596834227,neg
-63.216012737973074,-53.75438993207145,-61.41705841394429,304.58898383395746,-63.16012375949315,-63.041398990475706,0.9078055006381541,neg
-82.65150257308295,5.053948366957544,-76.33212970206398,319.036750710504,-82.67606594786436,-82.4310008544503,1.0,neg
-65.30096568139177,-46.43409849117083,-59.33829662382008,297.389938708447,-64.11780727893253,-62.19877063313159,1.5280454895913647,neg
-64.55346319696484,-47.82690008567952,-61.826461397213485,303.300110944407,-64.55794120448101,-64.535345060068,0.916657100218115,neg
-61.60470810714866,-48.34687298831259,-59.93863592398811,292.98080861441423,-61.58989050765827,-61.50070108730656,1.1242983159583,neg
-87.77940692115783,65.40560502202365,-86.67010760931662,284.5253242532947,-87.69240000019605,-87.78901474464786,1.0,neg
-74.3190174484237,-20.659884438445463,-72.68510668009576,314.76919663782866,-73.39528914161534,-73.70989892924847,1.1155919395465994,neg
-37.90209320350078,214.92764791200457,-36.28773005757236,-65.51571702653251,-37.683911536331955,-37.53819608806694,1.1439495901137893,neg
-56.21765455483823,176.02857544325673,-55.604411300776434,48.317363005532144,-56.28357719169054,-56.240295401483834,0.19732673697001257,neg
