peak_amplitude,integral,phase_angle,cycle_number,rise_time,pulse_width,type
-58.53057959921174,-39.36759435825835,-55.4017722453897,269.14881673466147,-58.20516388791222,-57.64370664388943,pos
-28.50057281651464,-148.8575477152085,-26.708967560869453,261.21345864538836,-28.57545769042431,-28.57091286237145,pos
-28.18018056188218,-21.407659580300773,-27.556940746560777,133.38938730250462,-28.098913716621727,-28.14569269713912,pos
-54.23366041477147,-43.21436969206356,-51.48571203769145,257.39812672330856,-54.30646511708225,-54.15791946169991,pos
-42.68247989255968,-53.07554343875647,-39.97873082958501,221.014657895258,-42.64750217965793,-42.630401554698835,pos
-80.66112438005788,86.52920737444049,-79.37010737571087,234.05971558682603,-80.38295819668791,-80.17473300880981,pos
-41.10896447003426,-136.1396722401454,-39.36785864620245,298.8293581782362,-41.15525256762754,-41.05761025422655,pos
-38.937340525848505,-156.0536528825994,-37.412540474396096,310.23022916217207,-38.999304925015046,-38.827390354312975,pos
-54.73921390550507,-18.443295415621716,-52.884252013402005,235.42698292255963,-54.72667383800122,-54.633547750029486,pos
-84.16276343731377,103.76887064547445,-82.32194762409388,230.4446125456409,-83.90951451641769,-83.81925761329009,pos
-56.28282443136031,-41.53580410767452,-53.54902937764448,261.3216610334671,-55.48226989809031,-54.4717332186974,pos
-18.75904994048569,-15.593767888798066,-18.336213831288337,90.14499047667353,-18.711991918809055,-18.743966897292417,pos
-60.43619384987031,-35.72901205347069,-56.32782735440925,269.6250731555847,-59.334857048484906,-57.797182849349575,pos
-43.331176189193066,-25.79504939354175,-36.95765347148149,191.8043306186205,-42.78790677288288,-42.932544791521146,pos
-20.986212233878714,-205.94574510479387,-19.827145809695207,288.44803162113203,-21.058205789863663,-20.630722682900554,pos
-52.07820107518283,-44.60837426466158,-51.19138863354958,251.13599773622332,-51.814900754119705,-51.443133008709545,pos
-18.273170977254505,-13.619141088607691,-17.827190128492795,86.04257518055441,-18.07318484505932,-18.24988814114011,pos
-41.65457095847167,-38.18513252389711,-40.603382195688845,203.6241943360021,-41.601954064598374,-41.57915459334618,pos
-61.27816627834351,-58.46063289343431,-59.77871217230285,299.8787545663201,-60.336405533008694,-60.02483768923063,pos
-67.38024453927135,-58.100237470982,-65.60469920420056,325.30724891826833,-67.22084285319092,-67.00122485062359,pos
-97.54640383341386,155.38641230130898,-94.21712573469074,231.28173659145492,-97.63217804544202,-97.27244127921728,pos
-27.9510907118301,-26.62078173307584,-27.217758472798,137.610305419405,-27.923481125882557,-27.897193375818386,pos
-48.37825991539552,-80.09188443521049,-46.964903707698575,272.22603458924056,-48.40025787296083,-48.39072865797505,pos
-80.35960061583626,74.07620259250999,-78.73762873662126,245.23436183637648,-80.08482793539537,-80.12850714103352,pos
-88.22438558327504,172.4563464850229,-86.39381622711514,178.30117389592718,-88.24325290330093,-87.89606566725895,pos
-84.66811322110762,172.30044836275917,-83.20185983956254,164.67468517137524,-84.66934195349101,-84.43581851997322,pos
-52.51689070347895,-122.73051828615128,-50.97556065499309,331.1911664939908,-52.57903019546718,-52.38916665390054,pos
-66.3448494234996,-47.022922388365856,-64.69612812868515,310.10064475177563,-66.12069972968595,-65.9160450815391,pos
-65.00808604807074,-5.775820087412825,-62.89367582561205,263.72002342998917,-65.07461440755405,-64.96782706133958,pos
-35.364227465971396,-97.01866467376368,-34.59829274794445,237.74462538787557,-35.397034763480846,-35.366405736715144,pos
-18.205191419558535,-233.5764078052132,-16.36948108707371,304.70942436122306,-18.280613671673986,-18.277730377703243,pos
-27.360410929614677,-191.37080880435306,-26.032987403760607,299.2839419095095,-27.438222255622634,-27.081512516158575,pos
-104.25103307314306,209.30143869651127,-101.85320074707316,205.25614043216615,-104.43612225032477,-104.01722305813637,pos
-27.810946992462174,-25.58510003644896,-26.581036655073756,135.38310505769172,-27.634991478037254,-27.771029895669628,pos
-78.58252447280121,113.93682636076261,-77.08576478732287,198.54821215439307,-78.4744494737584,-78.34229978127324,pos
-83.83984904929233,197.48254839943934,-82.45342846510532,136.49419745345307,-83.94250412026729,-83.74096421822753,pos
-76.74387392462648,63.980339881251965,-75.10848087126297,240.4289708812995,-76.45989853005692,-76.0970574366053,pos
-4.075477748608159,-248.31592961289923,-2.029205596998158,262.71786581079095,-4.156191126403595,-4.141061725881877,pos
-62.63235525320147,-68.84188320488553,-60.51116962092362,317.13457826229336,-62.630855855458805,-62.51831432782381,pos
-33.65730459359252,-31.698938144602288,-30.388500004776247,162.82840559081498,-33.58914074199452,-33.49452210584941,pos
-17.014189635006893,292.1004759425212,-18.899740672638238,-222.3607127743611,-16.877491330393962,-16.948341530120707,pos
-30.796949812946906,-24.088374545573885,-26.564826211314347,142.6829269606232,-30.58938705413074,-30.643389336657393,pos
-65.88834848140596,-42.49893090013364,-63.79984032980601,304.02888346954467,-65.92757500673447,-65.91418875146464,pos
-53.446579541007374,-33.11564245338789,-52.56173101529214,246.07574151881755,-53.48502680288959,-53.46676170624064,pos
-47.3016113700561,-70.58754704894224,-45.88961515758333,258.3570435111525,-47.32647037374622,-47.251799560824566,pos
-43.34057708178802,-56.6672525221602,-40.835922599434454,227.1755759490663,-43.17515826686811,-43.15666547881549,pos
-56.42151596368134,-43.470057047822664,-52.13165550979402,262.4015950127497,-55.70397324117894,-54.6743932502727,pos
-53.40559561559989,-45.468808159642684,-51.37883990253904,256.6246156809307,-53.27148121148432,-53.099890791664706,pos
-56.9403245984948,-15.490675311290712,-53.6080017222836,240.00056602886534,-57.026375167724616,-56.93518922907181,pos
-25.436902132945885,-192.70785882578224,-23.81950147133,292.63118654322824,-25.52478149012182,-25.142142623048514,pos
-32.27215306584451,-29.095818175597234,-29.029761997913646,154.65868861529773,-32.066549495707946,-32.19440588023439,pos
-48.74761637650204,-111.45525506650169,-47.279280089476394,304.8565870673289,-48.80859745511048,-48.565838079738384,pos
-18.688575483147297,17.163653136113624,-18.157569627483543,57.03153339716255,-18.73889584049546,-18.61014558214986,pos
-32.3952184686316,-31.134725840407633,-31.465727169358136,159.70635380913222,-32.34213309288055,-32.36854923785434,pos
-66.44351390972867,-44.63871324802508,-64.74068344151347,307.7609397424704,-66.18272539347423,-65.75530374972882,pos
-49.720055808252,-33.15662075904538,-46.98589693413301,229.2513648469907,-49.72922670999963,-49.6595646355607,pos
-41.76439510085162,-40.32096476804384,-40.83393925908911,206.33483875838277,-41.7144723086094,-41.70106732178893,pos
-55.99743460505201,-50.223127518548694,-52.22426531956313,268.4930603997985,-55.39670190455067,-54.651531052084046,pos
-71.6433173637189,-22.67444284618534,-69.01661718759642,306.25924990710155,-71.61933791200379,-71.30553459759714,pos
-49.37285110992036,-62.828244076151165,-48.251362492929424,259.0960267388177,-49.42710166224444,-49.21646739757238,pos
-59.172433770272555,-38.91938267759894,-56.138248619201455,271.4479099601663,-58.882596533859356,-58.33524835923391,pos
-58.629552767450086,-52.41449838124293,-57.419683053983015,285.4707323653723,-58.61064758194852,-58.39635058074793,pos
-66.55688091037113,34.48255126505734,-63.54818868757465,229.06867617743117,-66.76221047524822,-66.68394736929449,pos
-34.486792305003796,-32.483691702637735,-33.92793171706045,169.80642771104286,-34.44538417214996,-34.46262781419082,pos
-34.90947425323182,-184.91823820517064,-32.84163251783099,322.54106261966035,-34.99572585357603,-34.875991789850865,pos
-73.19286619935122,-36.2597628353382,-71.35974687406438,326.4435700003028,-73.07157123560323,-72.55962285594576,pos
-33.88583282439452,-14.452014509555934,-25.63379718190255,140.76243186524943,-33.15765814963472,-33.633129199761704,pos
-48.55680734519726,-45.264769818746814,-46.32813498608004,236.14868444039843,-48.24235407831421,-47.75661821205995,pos
-41.47248109779191,-40.27705898650651,-38.919379416903496,203.2380710978665,-41.35138458449208,-41.217767012172445,pos
-77.81598520790463,20.968645722882865,-75.43833225731656,288.1016487317029,-77.92934551837519,-77.88663147098924,pos
-5.774620621828167,-233.85366768422008,-4.865600247732895,255.78172637754156,-5.84713490343636,-5.440702920324326,pos
-36.70074860585144,-22.79132783425805,-33.46691164772097,165.8168665580328,-36.28577463546089,-36.57210383474137,pos
-42.19750319931795,-39.54046143314522,-41.13164473183877,207.17856292344885,-42.159380308071924,-42.149573251075054,pos
-61.399005857746005,-30.286032034465396,-59.59257196144666,274.07408613146646,-61.43603006748773,-61.36044621032083,pos
-47.93795622075833,-44.7427573943258,-47.116010965347265,235.47239805026868,-47.886014681133005,-47.78965878870427,pos
-80.20940236435277,152.138208236363,-78.89219664218098,167.17019011283958,-80.19345702145337,-80.01334232121513,pos
-82.78903417135263,88.16063256196026,-81.25072623656877,240.91437863287598,-82.57006419715613,-82.4651865897587,pos
-64.44104492284683,30.854723604599645,-60.86619782797944,222.74653606577616,-64.36120983927859,-63.932807080271026,pos
-57.92579824305666,-40.60631346186123,-53.65657548713691,265.88974542907005,-57.29197724379481,-56.40908099322048,pos
-67.53366899230015,-50.63885004859846,-65.87300788915793,318.34700615872424,-67.28433946000096,-67.01713976866664,pos
-27.595766053262974,-23.257973185804648,-26.961554994523812,132.905575146135,-27.519750046508832,-27.57053086603472,pos
-20.880455642558008,-18.766284271500073,-19.9171469107377,101.26941091074293,-20.842618521411488,-20.862905564535676,pos
-57.93100558532049,-86.0592579181391,-55.46440787904351,315.41577479421727,-57.9911671309485,-57.96993628076554,pos
-27.083624105575343,-24.262767789250976,-26.403100115884573,131.90706062111772,-27.08304997892392,-27.074518631482928,pos
-50.844090540069665,-36.033244376177706,-49.92650770642983,238.63701147601282,-50.926511675211366,-50.90665717812415,pos
-38.764200840033396,-156.45602265762915,-37.206980824302086,309.8623867225869,-38.82716802446581,-38.60801437615616,pos
-42.946094218487964,-22.14515223296926,-26.896892975979416,174.95703613929328,-41.67521629104077,-41.293680420815946,pos
-40.14668389708397,-155.95269167245286,-38.42771873025807,314.82429448478007,-40.21326445334284,-40.08393573164217,pos
-35.408962359165955,-156.99509762486056,-34.472326345309284,297.13092106992764,-35.44459289123947,-34.80994184935209,pos
-57.08561185079055,-32.63879308399651,-54.22030821533716,257.4454974247755,-56.8894215950942,-56.61136267955728,pos
-81.78489445809682,155.94595153788893,-79.68097477141448,168.47508936590904,-81.61344073483718,-81.34173093944955,pos
-68.11506308531457,-36.95836034248774,-66.83370740380727,307.40757762750377,-68.08314893256323,-67.41729786333072,pos
-62.176434251519844,-34.284729654320905,-59.43208112616521,279.3461402052361,-61.99403452168528,-61.458860651544896,pos
-55.26489273596727,-44.655459499792634,-53.732992217706986,262.7443926570811,-54.833513819459185,-54.25753438415513,pos
-52.75111835374553,-41.60818372445928,-49.83075991761158,248.6588087356452,-52.390801422090505,-52.07794531773838,pos
-27.49460996444111,-187.956072165534,-25.874249816993643,296.21578168449554,-27.5789508374395,-27.31189890008747,pos
-33.26920114064572,-25.27269987081116,-31.524338026981752,156.27526834809618,-33.14420504696308,-33.06482426269444,pos
-74.33577824427094,208.71541054078054,-58.100286350741655,73.1656404204028,-74.88029404258258,-74.56469232358813,pos
-19.443051255773184,-16.07040594378631,-18.986481393924368,93.20053749267679,-19.272566224833206,-19.428032674359724,pos
-41.250601618024795,-50.574848121528305,-37.565112698567916,211.68639464381357,-41.157009974318285,-41.13882223137429,pos
-54.71188657301653,-43.05649446331456,-53.1448984141101,259.19454276090767,-54.38938486013545,-53.89187845033095,pos
-37.77299555142535,-33.85592636330614,-36.254323592122596,183.22838113136254,-37.70439071753188,-37.64074490697664,pos
-51.41074771505953,-61.84296988338496,-48.04615224565303,263.86971050194194,-51.40766066226119,-51.16217999558319,pos
-41.324983196424256,-38.42710828978155,-40.62986497952757,202.93108272674456,-41.28064810557344,-41.2684781554377,pos
-53.319533336772736,-70.63136034968178,-50.79167004617582,281.247170222385,-53.292958320257945,-53.211648169496634,pos
-63.492802822498646,-43.194366692640465,-61.35420874444964,295.1161672203731,-63.53913196463633,-63.535656996147836,pos
-51.45481853503018,-41.64471356214942,-50.33509720829466,246.4023611023816,-51.49245320696649,-51.475278589940714,pos
-21.824676588325413,29.028253774743597,-21.188440224884182,57.3869721254809,-21.802348039955362,-21.599761047059545,pos
-56.115251511694495,-41.11690668217809,-54.68801407795153,264.1596941204365,-56.161440763203345,-56.07808108540906,pos
-50.7411813839285,-42.43808144468782,-47.811723265270594,242.34756756533065,-50.648886538239815,-50.70769493320381,pos
-70.15702358743913,-53.06279495503926,-68.61325652157444,331.54356634492353,-69.98065565788924,-69.72983562298134,pos
-47.31761443160259,-107.09915383973782,-39.49038667638099,288.17071519661783,-47.247537320641605,-47.01602292825481,pos
-56.43765065278701,-43.85353658327351,-54.492327330202535,267.4975447638416,-56.42504493508446,-56.28898526249419,pos
-9.072967896394756,-228.00469217578552,-8.072500826984882,263.282783269897,-9.142331435751865,-8.990290934980097,pos
-61.11140747903126,5.437864987040893,-57.79321287328814,235.05169279733514,-60.999111972451296,-60.585825459605104,pos
-40.25431652425891,-35.93485052949234,-37.16647986305653,193.7537661761539,-40.18805939536861,-40.210059863977584,pos
-40.733933356862664,-152.4797195496496,-39.11684751518651,313.77868886737303,-40.80044405593352,-40.647744389740616,pos
-60.5311255046942,-0.7969912919862457,-58.46698877150034,240.70620546604457,-60.53435219644118,-60.37674770142272,pos
-52.627797887080206,-58.95093919117127,-51.06520632811906,267.7771519853171,-52.623223461614636,-52.50998511733187,pos
-21.775929908726265,-20.764692306080573,-21.256345037028805,107.32110249831412,-21.76222771330718,-21.761907533171325,pos
-56.7103936569713,-31.304626833283127,-55.225936345425914,256.2554434753354,-56.62955847330671,-56.3849281663483,pos
-73.62116722499952,-4.706672676898493,-67.47884911505615,292.08010105549016,-73.5013475244522,-72.77206451408351,pos
-51.591098038811516,-50.881731326099896,-49.57918929733209,254.65617783937083,-51.40717565226146,-51.1969835248658,pos
-56.66498109781299,-50.889249524542436,-53.91063699871392,274.76462659731425,-56.654125858091284,-56.64563311815359,pos
-34.265632903731316,-28.606058060145077,-32.748067020845596,164.06122414941646,-34.19578880973014,-34.24567735496438,pos
-63.31965672736761,-68.62376899361395,-61.55570400313267,320.0531333876773,-63.317016119189354,-63.23698754437364,pos
-55.88854630770114,5.982900410772884,-52.08195150806682,212.8479272276851,-55.7310135676907,-55.129316254999125,pos
-24.44586863591208,-197.25985667979944,-22.961106505242537,293.4746681613066,-24.530599383964695,-24.277236956387604,pos
-52.89254319085786,-41.6503663039402,-50.00624296876752,249.5383680340858,-52.65832218788271,-52.3308933826376,pos
-13.554306907805156,1.8897296885379917,-13.391599774907256,52.12635482447777,-13.56096966188712,-13.509208168416238,pos
-58.78743150472817,-37.958542988038076,-56.213403453411054,267.98874851587925,-58.027759456944274,-57.001611112757814,pos
-84.06124624903926,149.06100513062174,-82.2811083316833,184.96934568413775,-83.97470126644434,-83.71329496759232,pos
-66.8683921462365,-3.0448969360261082,-65.24350136485685,269.0147518539611,-66.95758218278773,-66.90037922405403,pos
-32.95557514359633,-31.502386405566835,-31.729989287954655,161.99731992902366,-32.90333856493458,-32.90603052697126,pos
-66.03855777160841,29.697613910190917,-63.32118976346451,232.03681401179713,-66.21783228564875,-66.15684810126635,pos
-15.518316183392072,-219.83654558493487,-14.437929197957347,280.7791113902019,-15.586982829822176,-15.399337594095092,pos
-91.2820010128452,83.0344110160584,-87.81148010274602,278.7487798851985,-91.43256333496996,-91.25714645069583,pos
-81.80141059958767,61.718194384233485,-80.10008689197481,262.9896665601736,-81.51651245649063,-81.28985099635389,pos
-41.79139087956319,-36.17368224838645,-40.93382110465605,202.35356154003907,-41.73390283041559,-41.720764477017774,pos
-56.185816520071775,-38.43601131286893,-54.770225690169006,261.76781956466766,-56.215366208999136,-56.160399832558824,pos
-47.556263145539226,193.61753035194718,-47.3160996002267,-3.591548999796813,-47.58654638905781,-47.56707221732669,pos
-57.53785848262718,9.256482610060942,-53.33679101304325,215.72538381239968,-57.35164471056095,-56.75557221622927,pos
-53.72645051595282,-32.107938141724595,-53.23369938332347,246.58559244413527,-53.76908312252639,-53.74842128060807,pos
-48.14698985002647,-86.63706576814587,-44.38282087647193,275.35074301937163,-48.176712577313076,-48.00715394741405,pos
-35.38249952223285,-34.54012336457277,-34.31555930448954,174.9180675100735,-35.33960379449752,-35.34028152428083,pos
-56.25068970543399,-63.993436971701726,-53.86633286000571,286.2335596147477,-56.17554373458179,-55.94755634302465,pos
-50.347044380967084,-46.521672693718145,-49.50731054717654,246.29899936892087,-50.11972687603743,-49.80324487102168,pos
-103.75175896029403,229.08609474601326,-101.65708342021223,183.74498475320385,-103.89580179192538,-103.52643532678536,pos
-14.505622630800527,-8.429688619954087,-13.358914110006712,65.27956673375652,-14.499429132041133,-14.485912240954061,pos
-13.078012774458944,-8.300090523874895,-12.737217558397589,59.97733070678724,-12.983127027243189,-12.878882822812649,pos
-44.278329765594265,-38.95293097234138,-38.25571234717733,209.91497157415944,-44.23669801465452,-44.191300474391966,pos
-55.42325472944168,-44.66029176766431,-53.0944050431746,263.1451331980278,-55.146357389381414,-54.820824268365925,pos
-55.45425349648917,-67.09426241039367,-53.98739301358066,287.45284697267687,-55.4869688416894,-55.42996921052404,pos
-56.88531359456512,18.549773092681356,-52.37833698737146,203.5229029753267,-56.732958478870735,-56.07606700720081,pos
-83.19245728814307,125.92565838259752,-81.39058572219362,204.62473572166635,-83.0917153080764,-82.87563578585095,pos
-54.52514073050218,-48.242763604096545,-52.692232868582124,264.39974735285216,-54.52849899132768,-54.411111158343566,pos
-84.75619251610306,153.38418465635644,-83.3539591207799,184.06061323511864,-84.74866960556551,-84.5859766490268,pos
-57.11135442378352,84.83581365489994,-56.14292347412336,142.69788052183696,-57.20445416758994,-57.07496211123998,neg
-66.48794746662905,-43.73914330981091,-65.22426103608015,307.5220731766676,-66.36245597611556,-65.70826538803217,neg
-54.235979222743914,-55.99868920690173,-49.872551502532886,268.37314944631737,-54.146851812072896,-54.11907770206594,neg
-17.74380227550033,-16.86031588149654,-16.962071667124537,86.85062665449436,-17.54134010437417,-17.743096725998736,neg
-47.996970189538004,-46.531711906966805,-46.630520178447185,236.7692862982759,-47.87700726013149,-47.73307676319233,neg
-70.74033802064153,-20.71917479724162,-69.67050087988672,301.21712303060366,-70.6111169741311,-69.47599235870263,neg
-55.43128301162135,-49.53406405223296,-53.66957083796495,268.1028431927662,-55.00252593581013,-54.46539935513711,neg
-67.08728620520174,90.61348333031228,-65.77866340164073,176.43027745763143,-67.19219690503375,-66.98561427606741,neg
-47.819870117807675,-25.632750446233924,-44.91132002551879,214.03136251435328,-47.85944490486334,-47.80797701992963,neg
-74.76231847343016,42.11340578986741,-72.51456378319153,253.13875600711555,-73.80652671109203,-74.16875282926912,neg
-38.3281211992923,-42.54381863646191,-37.06872991923769,194.40232992382906,-38.15379789537262,-38.30786227346452,neg
-73.03279649328236,48.32610400881994,-69.57087150380482,237.09313771059496,-71.12165662191858,-71.69391710040897,neg
-67.29620020316317,-72.39317106297864,-65.50452344827349,339.7217309516214,-67.29103534938045,-67.23680088782564,neg
-60.92598516092184,-41.27222594923474,-58.1148575578155,278.9870869729995,-59.93648167642992,-58.73753662859734,neg
-20.057771767040514,-21.085951081865264,-19.519126459297468,100.77018250131204,-20.05225646520369,-20.055076727905142,neg
-78.47039594276283,-11.617795589089964,-75.30137554946243,321.10181367203893,-78.31740545405873,-77.39484113666484,neg
-60.75342788802141,-44.50163280151597,-58.25408919802689,284.94183263905063,-60.76355111311205,-60.66913163837423,neg
-65.75188195474793,-46.65853783609111,-64.49044576811353,308.43544597253145,-65.7842387258467,-65.7503416877321,neg
-62.62517672397636,-72.41969347107023,-54.496255546519286,314.26450060718474,-62.54393642398272,-62.179438441636215,neg
-27.240359327222176,-26.04076807336095,-25.393150105624613,133.0373391026792,-27.17127433516536,-27.19178726130616,neg
-74.97756408529347,4.809351334328326,-73.226029471243,293.60665414051135,-75.10923265835048,-75.10317925995294,neg
-42.751814278878335,-42.65062648294323,-41.44582141080132,212.2056036474783,-42.69995736871639,-42.65738410613913,neg
-61.068190993465116,-31.27672747739514,-57.79394781047358,272.2405423655148,-61.10579585277516,-60.99588023140596,neg
-52.40188610558522,-79.310588087738,-50.02827649204084,286.43116018995505,-52.352827689989226,-52.337581814601826,neg
-60.466528628779464,42.00255446063922,-59.37653697014932,198.82573405052352,-60.558646349162544,-60.42657656307136,neg
-61.40589940565205,-52.33215757299516,-59.58360813549871,295.8955442624794,-61.341984892348385,-61.23189425598523,neg
-82.2610747596892,47.59398385692863,-80.74462159173763,279.2025754130792,-81.83188658027179,-81.95897633830945,neg
-69.9752243398453,-45.43315953662742,-67.83153085030578,323.1928407039491,-69.98348441831367,-69.96944155885718,neg
-81.64868187354703,9.195434019480945,-78.78745773002431,312.08138324386834,-81.29581320631378,-79.54486445346444,neg
-48.94271433867626,-46.218380417413734,-48.019563500531056,240.68291609300044,-48.835835019113084,-48.666422817266316,neg
-58.66031662166018,-52.24133807650907,-57.081816014588554,285.2843698165193,-58.69113773480207,-58.60976136895932,neg
-12.227703650499347,-12.028025904695104,-11.966578568309417,60.59540389054506,-12.148597923791343,-12.224497843249843,neg
-59.998945847899826,-10.528840949672745,-51.893764491922006,234.01754374007578,-57.456755697813435,-54.13923675276782,neg
-60.82808036927392,-52.50406702486806,-57.73081230965315,292.4326872722659,-60.81029646094006,-60.55943110753075,neg
-71.61429996900509,16.672972379847494,-70.02343554559458,265.93371941223523,-70.73217322048824,-70.23678305699485,neg
-15.07412401882366,-14.63956233186078,-14.666261159360817,74.47049894240494,-15.02535359572025,-15.065197836639426,neg
-66.72564449651901,-69.35019676663434,-64.88662785107904,334.293641899938,-66.70516965293781,-66.62600313276793,neg
-74.17085758417713,119.42080276920836,-68.82077294137422,172.38240106192035,-74.4528128394503,-74.35876046612692,neg
-67.29245950322787,-53.15461832299099,-66.00489459692109,320.9523977190087,-67.27677281009404,-67.22365248577476,neg
-42.75117867977567,-42.277025378870775,-41.640531433312674,212.00654095764577,-42.62318303118281,-42.714622434503916,neg
-70.81898269408518,-46.28297640927474,-68.22173595348092,326.68022602421394,-70.77182042932317,-70.58471053804986,neg
-19.739857074495795,-18.06642739004946,-18.925320189817622,96.08303503982897,-19.632416544441956,-19.719013841024136,neg
-55.53116063655554,-49.4653145933341,-52.26179892026174,264.3085179694905,-52.91760599776935,-54.13263782156976,neg
-58.79587403561435,-42.98491114295546,-56.86862139499611,273.92559513544245,-57.548032687466154,-57.72815587441023,neg
-60.57891802149688,42.60831553016334,-59.402826911985265,198.58333012747835,-60.67489247250902,-60.53500825165061,neg
-53.262193376459905,-49.53589761922621,-51.90745815467195,259.91328994380336,-52.85478531961231,-52.35295547383311,neg
-60.78141686741748,-48.10608846250313,-58.40533849775246,288.74302725001303,-60.77022920411643,-60.67995421822338,neg
-80.63981552194059,39.90871689745328,-79.00637968830736,280.181900619219,-80.13779195217825,-80.30663035424617,neg
-39.40524126503701,-37.943429999052476,-38.74208982862275,194.84540099983232,-39.378639208075604,-39.37600069904439,neg
-78.80170028753454,-13.734259196298346,-77.4640290626599,326.1235608344975,-78.6374831353051,-77.48608915269959,neg
-80.92307139406333,36.03561725012287,-74.45623245508686,281.74780026372815,-81.25523170924467,-81.14888195545603,neg
-54.43514361191772,-73.37135077953532,-52.29686262944952,285.07232289028633,-52.75030429022546,-52.218661579158095,neg
-33.62039641385528,-32.99102276057197,-32.35111845250606,166.10677328779224,-33.58226381559345,-33.56197184526551,neg
-68.41845719774659,-46.945321802894355,-66.95900504246478,319.072391291626,-68.40862912331315,-68.34097812520717,neg
-41.135835057820096,-39.79138475310797,-38.27553222898439,200.91165578114808,-40.66763234396931,-41.041271397266364,neg
-59.7981091783525,-47.69274353172527,-58.70629027670923,285.710543357281,-59.789773716864524,-59.72362665362932,neg
-66.00445391677164,-32.80677637089114,-64.19698350878694,294.739414806818,-66.02407179760637,-65.70712921276181,neg
-54.414293611674275,-50.502046967390434,-53.21360915567931,265.70455332831386,-54.01721558059804,-53.55738801297193,neg
-73.9610127769271,5.026639001411011,-71.30357507171009,286.6185427633819,-73.99572538405647,-72.38486853209925,neg
-61.59846478964568,-60.59386165386321,-60.20746883524722,305.2111623620439,-61.49549859291439,-61.31586849037353,neg
-44.584142235725565,-43.032320617681705,-42.641989257811645,218.9584537905354,-44.4525951423927,-44.24740653692384,neg
-69.35362031664303,-0.3399661417118076,-67.0118591155103,275.5498599510694,-69.45479929766799,-69.38961507953628,neg
-77.13278600351015,22.922009698894737,-75.32782728653575,284.0831335647615,-77.27926315937317,-77.26526681423724,neg
-58.84732411973276,-54.10804912372167,-56.1684966232396,286.39744704333646,-58.749211079541354,-58.524366097101236,neg
-61.538915488742205,-35.77366208911292,-58.35542141049106,274.74549001861544,-60.26044389500391,-58.81704713526533,neg
-56.05494545832016,-59.30147599974086,-54.905213354520654,282.3401759750893,-56.07235392118381,-56.00618724132379,neg
-40.071385079518386,-38.720113430182636,-37.98610391613939,196.6552068379482,-39.96398417124017,-39.913620240867616,neg
-58.21775287906811,-61.599727690441775,-55.4658804273433,291.02728276901144,-58.04184741614289,-57.702074356015174,neg
-73.2253263034178,-51.26030568599324,-71.69181549912209,341.70239144666493,-73.0948895062,-72.43005445193181,neg
-35.24018648388854,-29.87831601817685,-30.75549779467473,166.1675805521748,-35.1646262472247,-35.12895400820995,neg
-59.59201813980576,34.40892556136764,-57.285862594407185,201.9529109591169,-59.78329066533145,-59.700665120940265,neg
-29.28255141107996,-26.782473962823214,-27.356659027026996,141.7473875714629,-29.10420614618009,-29.22149702435274,neg
-62.92025165595356,-43.74109297799897,-61.80071094430563,294.2731260137098,-62.92604785347766,-62.88502258197404,neg
-19.402389083010103,-19.60593714355482,-18.015985415136583,95.4816881683252,-19.059421602917507,-19.39795492370621,neg
-81.1590555600024,42.622383388462225,-79.06414707069928,280.20295828692593,-81.30728649946349,-81.29485254522294,neg
-49.86962678196138,-78.25187514616874,-44.29570176691109,271.9047026941706,-49.773185119360164,-49.71431387976933,neg
-59.85334612365368,5.936658627939029,-57.019681654009894,229.72180801676626,-59.999704076413394,-58.785734790628354,neg
-67.79003961111837,240.35314274187505,-65.06260672578773,27.01304992051792,-67.88205923690293,-66.63148708858374,neg
-7.030486372493986,233.0477873588732,-13.18789464482625,-198.59906530900653,-6.98649076512121,-7.243850267425196,neg
-55.94795495015722,-47.579206241349475,-54.50903158767541,268.4784155426311,-55.500616184413985,-54.94160657903503,neg
-57.64511329794521,-43.64767748688551,-55.27950620920647,271.6182407441026,-57.622681210025206,-57.42326254003996,neg
-57.32502352708372,-50.67723724247735,-55.08678014255132,274.21159396780075,-55.69105421287164,-55.43149884281658,neg
-61.51168575533646,-55.21602560415863,-59.917603972567875,299.4267627813099,-61.456881053529855,-61.32456639571724,neg
-34.40476130811856,-31.361919622982562,-30.495476095331323,164.86906388814938,-34.3356776676708,-34.27122919404603,neg
-57.96457082046934,75.86769546906781,-54.773568638630834,152.0757880485183,-57.76176187847741,-57.44358218000848,neg
-64.31991681567933,-72.23400378448827,-62.8131439140124,327.8016520106942,-64.28031916863253,-64.15426832788157,neg
-6.887254421588921,271.5489769090829,-10.019541861630668,-241.17940964773686,-6.724090484669796,-6.738680493456732,neg
-76.45621921947767,47.32110626973345,-73.32277770566299,253.42770810913515,-76.29193011065688,-74.67788734307123,neg
-75.11513434858817,20.273141745501317,-72.76131698351026,277.83759520672453,-75.18720332512184,-75.04708229500565,neg
-73.31418639337247,-25.874456245919017,-71.45575588970883,315.49064643663104,-73.11363104185926,-71.73261686577155,neg
-65.38276020970889,-42.58215179577891,-63.025966803218104,301.54116364108074,-65.3349173653177,-65.21536746705699,neg
-75.46240438579765,-25.660333582501448,-73.29840034462205,324.3296937160774,-75.41118685603408,-74.49736854712212,neg
-57.35913955672748,-54.711858119475146,-55.40295938687526,281.3608487440595,-57.03094988563457,-56.855941795347,neg
-54.67393372392441,-43.69882691750443,-52.757270074562385,258.81545565171035,-54.183117054830554,-53.502307880888715,neg
-50.4683740703911,-62.436802868434505,-48.83487364797409,262.56465289089294,-50.48675893019568,-50.337843373897755,neg
-7.123721688877032,-235.58844959948536,-0.4307663625799391,256.79478271196643,-7.079162201607871,-6.5726828594163615,neg
-47.21081324984335,-69.02067604470643,-44.16973704837191,254.51423794321923,-47.10909098052763,-47.00392061976991,neg
-55.53940210916194,-49.65182872862983,-54.574778064485514,269.8928073352685,-55.24348710015072,-54.88331133284062,neg
-47.793579792690366,-79.42804733361241,-44.84958762725873,268.33980113198055,-48.15707321679237,-48.111513161626675,neg
-69.39449702250252,-57.434085215922266,-67.12353455379235,331.1550995076272,-69.05432544241705,-68.14865727299305,neg
-60.84868882329454,-3.383211915004771,-58.11785697258011,243.92163311684268,-60.905227567469474,-60.66664783849383,neg
-73.30537525804273,192.98810765540168,-67.38945398412751,94.96605850124156,-73.67775266971438,-73.5815842447586,neg
-108.49757932998067,186.70657571619785,-107.58408777892205,246.6870670614833,-108.66183639831966,-108.65013927045884,neg
-34.675521206565,-33.382808667692196,-34.02737328967666,171.31936249311198,-34.587602745763604,-34.64605658341451,neg
-74.06448420866953,0.918337298974342,-72.36195984593753,292.3128228798827,-73.19224571591978,-73.61247040833044,neg
-76.59603519063737,60.790199076405685,-74.14642642755369,243.4338241232728,-76.76330369451613,-76.71825788697122,neg
-62.722310234816305,-47.12219758394598,-60.09103436190236,294.2048502850901,-62.38884581481718,-61.880462289608246,neg
-49.173315680018916,-70.9228477450625,-47.91433172858617,266.3464824240783,-49.20009541306328,-49.135891857347566,neg
-79.84619521755009,136.67258750866694,-77.06669475155351,177.9287353550627,-78.97965534221737,-78.7087775524088,neg
-64.25716079270337,-44.17220169452192,-62.40033729465332,299.2529377601657,-64.2489487243367,-64.1742892539504,neg
-74.26468374595515,74.6133510106789,-71.26473272446971,216.2932058029239,-72.92418068129905,-72.45295966187881,neg
-67.00952457298484,-31.96480487558594,-65.42958610975369,296.75975415492144,-66.90193372812668,-65.45390486847047,neg
-56.23303975836194,-54.83342012928942,-54.1058999521944,277.292614317228,-56.23384030228497,-55.886414175097336,neg
-84.80139574165756,170.20173957743964,-82.66191621236584,166.3667264769905,-84.5404685814329,-84.564685518974,neg
-63.39067515684273,-38.929409538946885,-61.5633846346143,288.940544139594,-62.86908749987314,-62.187987309317116,neg
-17.396190847653568,-15.275501979719309,-16.125756308344073,83.50907079490239,-17.33099412959751,-17.380627529587922,neg
-64.890611038273,-39.26893563678373,-63.00281759709938,296.86188864991755,-64.8939503678236,-64.80557400993762,neg
-62.86296994602872,-34.892218683061195,-60.7164429538167,284.0949668078843,-62.85468908919811,-62.768646135779406,neg
-44.02065961055632,-44.02972425900403,-43.261093626526886,219.23054079426535,-43.93294364019087,-43.98611965798723,neg
-66.97020182533029,-48.86250289393158,-65.55843999700944,315.16043300639683,-66.93540644962805,-66.83388184049738,neg
-38.18327693146181,-36.331808804420575,-37.1465312438502,187.94803401094126,-38.12016597944703,-38.16625105176172,neg
-67.63994087321886,-44.83983005974061,-65.0269845558717,312.0905454050603,-67.67483784567138,-66.90895207055782,neg
-68.74242981427436,250.16010307959144,-65.17838784159584,20.118138698217248,-68.67152971700389,-67.68589440493429,neg
-15.110667487833462,-13.847722930007897,-14.368445018744001,73.49454411863046,-15.069458243373187,-15.098250438671915,neg
-61.45399258198961,-60.01610158547405,-60.1233306511866,304.3158927632684,-61.414122075519636,-61.308345869098524,neg
-81.38652297361726,161.0022488909306,-79.61254218373439,162.39390325750068,-81.32676070885451,-81.07032628222514,neg
-46.43246375690106,-44.99583200883258,-43.990276389042286,227.8839969966083,-46.265281248410275,-46.20014359342201,neg
-55.37893386255246,-45.484910259648146,-52.91849467815925,262.55014681417794,-54.749529778643115,-54.018278235175,neg
-23.309516530233115,-21.785248556478724,-22.57384951439536,114.23787175208703,-23.285681149096067,-23.283576001883773,neg
-58.439493941771666,27.73097275419262,-56.28547115677287,204.16742902810833,-58.62271234570825,-58.55072433804815,neg
-78.8106716558246,106.80650259404807,-77.08766986038418,206.44004648125173,-78.55454581134761,-78.79366174774344,neg
-65.43274927169092,-64.20332934502038,-62.6176274067849,322.3020837224848,-65.41383878310077,-64.6345389158881,neg
-17.404080138461264,-15.529367655257735,-16.372836194119543,84.050654724061,-17.36179258981275,-17.382578146409717,neg
-71.49457677145783,-40.71531966968091,-68.85496209029698,322.8280879585183,-71.28343414597252,-70.47979528111011,neg
-58.68581438629592,-20.00766467009078,-53.32750278518484,243.54667493568667,-56.937987949307704,-54.58770514480729,neg
-61.793210403473324,-38.83991137786526,-60.47739195710675,284.7021304333578,-61.8177062707838,-61.77391042412838,neg
-46.571433638606486,-58.7436819746435,-45.73686848784153,244.10765955700606,-46.56353532894508,-46.49214012696958,neg
-59.771517013741054,-39.936864577779765,-57.4304566408245,274.0330707811696,-58.96712653319539,-57.92710601562894,neg
-56.04646431028311,-54.72447181050174,-54.01208887669383,276.552993199118,-56.07715361766299,-55.69281458397635,neg
-88.75665001401458,204.26042445032897,-85.45844648351127,148.02116647016965,-89.10012761071043,-88.9663668122624,neg
-60.53235432404605,-32.85122278215004,-56.02938728896792,265.6008252630163,-59.01870809032415,-57.16915277752822,neg
-40.30086596455008,-32.2903694684696,-37.605435847520866,190.6308316044407,-40.159352755189055,-40.27480756871112,neg
-23.985017334389937,-23.193839499754265,-23.269080922548138,118.30620869744591,-23.88126961596401,-23.977001324789537,neg
-60.56337659247712,-47.28809131766182,-58.14586699741326,286.8792929044133,-60.536140553336935,-60.345817443524325,neg
-55.337204665130635,-79.4108948593348,-51.95187868908198,297.1006310949502,-55.28449088305074,-55.11616199835236,neg
-75.22922404399777,-25.892652887848868,-73.63360631489022,324.34931155931463,-75.19219293652336,-74.40163537605471,neg
-61.08659544667902,-58.31597449367607,-58.46259240109734,300.0314847626219,-61.123373911455076,-61.04294850971473,neg
-75.300137619227,26.892012600099985,-73.87262170671363,272.14346396932314,-74.8412582966558,-75.02145894682674,neg
-68.79022119302645,-50.84594306973678,-67.30736751083377,323.6462963142838,-68.63472085262568,-68.06804368806105,neg
-62.75071674647738,-26.30246400686595,-57.12901317849919,265.2942532834101,-60.7658370170604,-58.34622233450712,neg
-64.09907342541597,-59.917470570990986,-60.79336190796605,312.88786585405205,-64.08448443849481,-63.99347551118417,neg
-59.36929095204925,-32.78983250496968,-57.416670698488296,268.4225929396901,-59.44405889142674,-59.402739892756216,neg
-70.1076564251205,-15.24269428394821,-69.08539057149986,293.69984914019705,-69.58388850782212,-69.68021935180616,neg
-72.7881230114104,-43.583899849897506,-69.8881691530943,330.9400806434624,-72.65217149885288,-72.02771713020736,neg
-69.23997256937064,-10.1887865256207,-67.30093592316516,284.0761582168573,-69.2982629077215,-68.04820029097961,neg
-40.210872580216915,-35.52391379514613,-38.62927739468515,194.6148753236883,-40.112358399224036,-40.13845315441609,neg
-24.016798910338782,-23.020161472497477,-22.672210352101214,117.63815992604566,-23.934151420863685,-23.99483777024447,neg
-96.14412502165392,84.84581834327152,-94.98953293485344,298.8998853043446,-96.32546321749628,-96.28658247361199,neg
-66.40805020661281,-0.7985849846245644,-63.65984466469955,263.8370414462681,-66.52497477615768,-66.44558681417357,neg
-64.01937710277801,13.384847435922397,-60.783139165444965,236.49701421170158,-62.272069437007694,-62.80727594239322,neg
-53.87964686548798,-59.57266087054947,-51.18662884124446,268.37403191512203,-51.79265818035571,-51.942437157484385,neg
-79.16309500878872,26.69073084612766,-76.94541239415854,287.7116981786337,-79.2276914112501,-79.06623021056375,neg
-76.50597337227957,-7.13615801733054,-75.09985880974419,310.4374230556706,-76.43536738017751,-75.26006547613866,neg
-72.36048175055613,167.14964386845514,-67.58075659186694,118.09858818383401,-72.69094080328581,-72.61605290658015,neg
-50.39885578872564,241.35475090752578,-49.835672183477705,-40.730673368810315,-50.24660981865304,-50.14293974785925,neg
-77.56587409397437,63.532714503613754,-76.57240744390997,245.24931060093846,-77.44176499124761,-77.20197857542017,neg
-41.5369982613057,-39.795717700167714,-40.73630636533548,204.87531006073607,-41.32347968257782,-41.48280805134945,neg
-24.95494067078356,-24.462627577329382,-23.926756100074964,123.0016785229693,-24.70600055734657,-24.951353617434847,neg
-66.20429864181327,-8.038831520716139,-64.48791798986001,268.7474519796011,-65.17099614363927,-64.8454076835725,neg
-64.55946090286122,-7.6353561065914315,-61.60423086480792,263.03242913288807,-64.65241188236293,-64.58096937626475,neg
-51.53475130310022,-41.89068430303483,-49.65074858988563,244.1762568763413,-50.958705061463206,-50.14136761885749,neg
-72.30583018177897,-49.301099674708915,-66.42550325229965,332.30687787946846,-72.2130475511072,-72.06139721957383,neg
-50.249559696236396,-71.18273954026098,-47.64968637982965,269.56980455454476,-50.2770365358765,-50.2107824023412,neg
-13.535278186684002,-129.82644138898533,-12.796027706362096,183.3540080384725,-13.615438168265971,-13.580822588174945,neg
-50.21948628741827,-37.65654976781364,-45.72203977743248,232.81697662532267,-49.546475033932,-49.67242575872631,neg
-68.3236846273091,-43.02164653266286,-64.12094803266884,310.84318416807383,-67.98248221320166,-67.394422762231,neg
-29.11232365800763,-189.7126098874972,-27.77973913054129,304.48783961595944,-29.18075270612562,-28.702414233787874,neg
-76.19408426239436,-36.38295820843981,-70.97035931748084,336.014384536858,-76.25390812978888,-76.21307461875404,neg
-46.460947521303915,-59.61573405013392,-45.64881671525783,244.53105421057845,-46.44103405461326,-46.36452186926959,neg
-28.616099668390223,-28.410187623920123,-28.100614389100098,142.31482254082673,-28.5882486960599,-28.599672163356317,neg
-86.66755748878084,129.92599873999686,-85.38334980049211,215.16723944813933,-86.60308143396281,-86.43924946490047,neg
-81.10210380423392,15.290682991984529,-78.76845682325515,306.5456687127299,-81.18777691650969,-80.7780141607158,neg
-68.65299515583429,-57.28755302025055,-67.14209211359457,328.4042779267711,-68.0997427483558,-67.22189488873573,neg
-68.8955076484613,85.71175189142886,-64.9270029228212,186.3830328357305,-69.16613809153465,-69.10613606434221,neg
-74.83593761618987,-22.941801117139207,-73.42888802801302,319.9156932534333,-74.74764550871295,-73.9614209833784,neg
-39.882364050882884,-46.77447910377311,-38.13175107578805,204.12459924364828,-39.468903181901005,-39.86710183130318,neg
-62.65788250404198,-58.508726534962726,-61.3903831517833,307.80457915407163,-62.64960261923396,-62.59798434404956,neg
-54.7317993467746,-50.9295869801073,-53.58345456122172,267.4297605857401,-54.3218183367778,-53.863101360858515,neg
-63.21601273797274,-53.754389932071135,-61.417058413943934,304.5889838339561,-63.16012375949283,-63.04139899047539,neg
-82.65150257308292,5.05394836695757,-76.332129702064,319.036750710504,-82.67606594786422,-82.4310008544503,neg
-65.3009656813919,-46.43409849117096,-59.338296623820135,297.3899387084471,-64.11780727893263,-62.19877063313163,neg
-64.55346319696487,-47.82690008567956,-61.826461397213535,303.3001109444072,-64.55794120448101,-64.53534506006807,neg
-61.60470810714885,-48.34687298831269,-59.938635923988265,292.98080861441485,-61.58989050765844,-61.50070108730662,neg
-87.77940692115773,65.40560502202358,-86.6701076093165,284.5253242532947,-87.69240000019599,-87.78901474464769,neg
-74.31901744842335,-20.65988443844538,-72.68510668009539,314.76919663782746,-73.39528914161497,-73.70989892924825,neg
-37.90209320350079,214.92764791200472,-36.28773005757238,-65.5157170265325,-37.683911536332026,-37.53819608806698,neg
-56.2176545548383,176.02857544325602,-55.604411300776505,48.31736300553326,-56.28357719169061,-56.24029540148392,neg
