peak_amplitude,integral,phase_angle,cycle_number,rise_time,pulse_width,height,width,average,type
-58.53057959921185,-39.36759435825839,-55.40177224538982,269.14881673466186,-58.20516388791235,-57.64370664388955,17969.0,19872.0,3518.343628593628,pos
-28.500572816514637,-148.85754771520826,-26.708967560869407,261.21345864538813,-28.575457690424283,-28.57091286237145,38630.0,37547.0,3162.311091686092,pos
-28.18018056188215,-21.40765958030076,-27.556940746560763,133.38938730250447,-28.098913716621695,-28.1456926971391,45048.77622377622,45053.0,7427.513694638695,pos
-54.233660414771336,-43.21436969206368,-51.485712037691385,257.3981267233085,-54.30646511708218,-54.157919461699834,19202.0,19202.0,4236.25505050505,pos
-42.68247989255972,-53.075543438756526,-39.97873082958502,221.01465789525818,-42.64750217965799,-42.6304015546989,17464.0,17464.0,3371.834401709402,pos
-80.66112438005796,86.5292073744405,-79.3701073757109,234.0597155868262,-80.382958196688,-80.17473300880987,44925.0,37650.0,12496.618104118104,pos
-41.10896447003408,-136.13967224014496,-39.36785864620227,298.829358178235,-41.15525256762731,-41.05761025422636,30716.454545454544,30716.48717948718,6151.435606060605,pos
-38.937340525848555,-156.0536528825995,-37.41254047439609,310.23022916217195,-38.99930492501503,-38.827390354312996,49967.0,50923.0,4212.169580419581,pos
-54.739213905505245,-18.443295415621822,-52.884252013402204,235.42698292256026,-54.72667383800141,-54.63354775002963,22335.0,22335.0,4902.433663558663,pos
-84.1627634373137,103.76887064547438,-82.32194762409371,230.44461254564072,-83.90951451641754,-83.81925761329009,32203.0,27361.0,3257.6149961149963,pos
-56.282824431360204,-41.53580410767449,-53.54902937764436,261.3216610334667,-55.48226989809017,-54.47173321869728,21688.0,21729.0,4010.3317793317797,pos
-18.75904994048568,-15.593767888798077,-18.33621383128835,90.1449904766736,-18.711991918809083,-18.74396689729244,55936.0,56416.0,10058.3004001554,pos
-60.43619384987034,-35.72901205347072,-56.32782735440925,269.6250731555849,-59.33485704848497,-57.79718284934963,14016.575757575758,14016.388111888113,2933.580031080031,pos
-43.33117618919299,-25.795049393541703,-36.95765347148142,191.80433061862,-42.78790677288286,-42.93254479152108,6320.0,6321.0,1296.5405982905984,pos
-20.986212233878632,-205.94574510479302,-19.82714580969515,288.4480316211307,-21.05820578986359,-20.630722682900476,66641.0,67355.0,2913.0655594405594,pos
-52.07820107518271,-44.608374264661435,-51.19138863354943,251.13599773622246,-51.81490075411959,-51.44313300870939,61832.0,61832.0,14714.998251748251,pos
-18.27317097725453,-13.619141088607687,-17.82719012849281,86.04257518055446,-18.073184845059338,-18.249888141140126,43840.14426573426,43841.169184149185,7361.966130536131,pos
-41.65457095847168,-38.185132523897174,-40.60338219568889,203.62419433600232,-41.60195406459838,-41.57915459334619,42022.0,42023.0,7366.032051282051,pos
-61.27816627834353,-58.46063289343431,-59.77871217230289,299.87875456631997,-60.33640553300876,-60.02483768923061,71523.0,44949.0,8642.07740870241,pos
-67.3802445392713,-58.10023747098194,-65.60469920420047,325.3072489182682,-67.22084285319083,-67.00122485062353,39214.10023310023,39216.0,6817.491161616162,pos
-97.54640383341409,155.38641230130918,-94.21712573469091,231.2817365914553,-97.63217804544219,-97.27244127921756,16410.0,16410.0,4575.345765345765,pos
-27.95109071183011,-26.620781733075848,-27.217758472798003,137.61030541940502,-27.92348112588257,-27.897193375818382,39980.0,39980.0,6415.4692113442115,pos
-48.378259915395816,-80.09188443521103,-46.96490370769884,272.2260345892419,-48.4002578729611,-48.390728657975316,60814.0,55225.0,7193.389763014763,pos
-80.359600615836,74.0762025925097,-78.73762873662105,245.2343618363759,-80.08482793539514,-80.12850714103328,30860.0,41091.0,6825.35236985237,pos
-88.22438558327515,172.45634648502298,-86.3938162271152,178.30117389592723,-88.24325290330103,-87.89606566725912,26959.0,28845.0,637.961926961927,pos
-84.66811322110752,172.30044836275897,-83.20185983956253,164.67468517137488,-84.66934195349081,-84.43581851997322,46004.0,51370.0,6113.092754467754,pos
-52.51689070347885,-122.73051828615101,-50.975560654993,331.1911664939904,-52.57903019546707,-52.3891666539004,39601.0,45925.0,5331.538461538462,pos
-66.34484942349954,-47.02292238836584,-64.69612812868507,310.1006447517756,-66.12069972968592,-65.91604508153908,41987.0,43055.0,5790.061091686092,pos
-65.00808604807045,-5.7758200874127565,-62.893675825611744,263.720023429988,-65.07461440755371,-64.96782706133935,26301.0,26303.0,5479.936383061383,pos
-35.36422746597139,-97.01866467376372,-34.59829274794444,237.7446253878756,-35.39703476348086,-35.36640573671513,77624.0,80726.0,5623.230089355089,pos
-18.20519141955856,-233.5764078052135,-16.36948108707374,304.7094243612233,-18.28061367167402,-18.277730377703264,48890.0,47709.0,1332.3040986790984,pos
-27.360410929614684,-191.37080880435303,-26.032987403760607,299.28394190950974,-27.438222255622634,-27.08151251615858,61058.0,60487.0,2878.666181041181,pos
-104.25103307314336,209.30143869651187,-101.85320074707333,205.25614043216657,-104.43612225032498,-104.01722305813657,32118.0,31897.0,8084.642676767678,pos
-27.810946992462128,-25.585100036448914,-26.581036655073703,135.3831050576915,-27.63499147803718,-27.771029895669574,25153.0,24215.0,4289.922136752137,pos
-78.58252447280141,113.93682636076292,-77.08576478732313,198.54821215439364,-78.47444947375861,-78.34229978127341,29088.0,44876.0,1992.636752136752,pos
-83.83984904929224,197.48254839943925,-82.45342846510529,136.49419745345315,-83.94250412026722,-83.74096421822752,46667.0,23867.280303030304,1542.5732323232323,pos
-76.74387392462656,63.98033988125213,-75.10848087126305,240.42897088129993,-76.459898530057,-76.09705743660535,29942.0,37213.0,4155.570415695415,pos
-4.07547774860817,-248.31592961290013,-2.029205596998165,262.7178658107919,-4.1561911264036056,-4.141061725881888,46700.0,46537.0,-516.154623154623,pos
-62.63235525320157,-68.8418832048856,-60.51116962092373,317.1345782622938,-62.63085585545883,-62.518314327823916,36048.0,31433.0,4871.379176379177,pos
-33.65730459359257,-31.698938144602355,-30.388500004776294,162.82840559081524,-33.58914074199456,-33.49452210584944,11183.0,10577.209417249418,1247.6239782439782,pos
-17.014189635006883,292.100475942521,-18.89974067263822,-222.360712774361,-16.87749133039395,-16.948341530120683,41669.0,44327.0,-1136.5424436674439,pos
-30.79694981294684,-24.08837454557381,-26.56482621131429,142.68292696062284,-30.589387054130658,-30.64338933665733,6996.0,6996.0,1035.5547241647241,pos
-65.88834848140625,-42.498930900133786,-63.79984032980637,304.0288834695463,-65.92757500673486,-65.91418875146495,30647.0,30651.0,4456.564685314685,pos
-53.44657954100716,-33.115642453387764,-52.56173101529194,246.07574151881656,-53.48502680288938,-53.466761706240476,71330.0,60564.0,10527.99728049728,pos
-47.30161137005615,-70.58754704894234,-45.88961515758339,258.35704351115294,-47.326470373746275,-47.25179956082469,37730.0,51766.0,4204.271270396271,pos
-43.34057708178803,-56.667252522160304,-40.83592259943447,227.17557594906626,-43.175158266868095,-43.15666547881548,23527.0,22531.0,2951.5639627039623,pos
-56.42151596368123,-43.47005704782262,-52.13165550979394,262.40159501274906,-55.703973241178865,-54.674393250272594,14423.0,12836.0,2383.575466200466,pos
-53.40559561559983,-45.46880815964259,-51.378839902538935,256.6246156809302,-53.27148121148427,-53.099890791664606,31217.0,32126.0,4706.245823620823,pos
-56.94032459849467,-15.490675311290559,-53.6080017222834,240.00056602886477,-57.02637516772449,-56.93518922907167,13350.0,28205.0,2540.7304778554776,pos
-25.43690213294597,-192.7078588257828,-23.819501471330074,292.63118654322915,-25.5247814901219,-25.1421426230486,50675.0,48961.0,2813.9195804195806,pos
-32.27215306584451,-29.095818175597294,-29.02976199791368,154.65868861529788,-32.06654949570799,-32.19440588023443,10659.0,10623.0,2107.6627195027195,pos
-48.747616376501995,-111.45525506650159,-47.27928008947633,304.85658706732835,-48.80859745511038,-48.56583807973832,53598.0,38516.0,7307.786810411811,pos
-18.6885754831473,17.16365313611362,-18.157569627483532,57.03153339716257,-18.738895840495466,-18.61014558214986,10927.0,10928.0,3052.3643162393164,pos
-32.39521846863164,-31.134725840407665,-31.46572716935816,159.70635380913237,-32.34213309288057,-32.36854923785438,37040.0,37041.0,5838.109028749029,pos
-66.44351390972881,-44.63871324802513,-64.74068344151355,307.7609397424707,-66.18272539347436,-65.75530374972894,39583.0,41637.0,7012.498834498834,pos
-49.72005580825203,-33.15662075904546,-46.98589693413308,229.25136484699107,-49.7292267099997,-49.65956463556076,16315.0,18034.0,2317.8913170163173,pos
-41.76439510085157,-40.32096476804382,-40.83393925908904,206.33483875838272,-41.71447230860934,-41.701067321788884,50110.0,50193.0,8081.800477855478,pos
-55.99743460505209,-50.22312751854877,-52.22426531956323,268.4930603997989,-55.396701904550724,-54.651531052084124,15241.0,16710.0,2914.1420940170938,pos
-71.64331736371895,-22.674442846185347,-69.01661718759641,306.25924990710166,-71.61933791200381,-71.30553459759717,25717.0,25717.0,5112.620143745144,pos
-49.37285110992017,-62.828244076150796,-48.25136249292929,259.0960267388165,-49.42710166224419,-49.21646739757219,37002.0,37002.0,6697.552641802642,pos
-59.17243377027254,-38.91938267759893,-56.138248619201434,271.4479099601663,-58.88259653385937,-58.335248359233915,18934.0,18929.42016317016,2342.0653651903654,pos
-58.62955276745013,-52.414498381243014,-57.41968305398304,285.47073236537295,-58.61064758194855,-58.39635058074795,58163.0,59084.0,4946.68851981352,pos
-66.55688091037118,34.48255126505739,-63.54818868757477,229.06867617743148,-66.76221047524824,-66.68394736929454,14342.0,14346.0,4380.9692113442115,pos
-34.486792305003675,-32.4836917026377,-33.92793171706042,169.80642771104246,-34.445384172149886,-34.46262781419073,64758.0,64761.0,10926.951825951825,pos
-34.90947425323168,-184.9182382051698,-32.841632517830796,322.5410626196587,-34.99572585357588,-34.8759917898507,47588.0,43769.0,2576.4498834498836,pos
-73.19286619935083,-36.259762835338144,-71.35974687406417,326.44357000030163,-73.07157123560299,-72.55962285594552,48674.0,39239.0,5734.362373737374,pos
-33.88583282439449,-14.452014509555957,-25.633797181902526,140.7624318652493,-33.15765814963472,-33.63312919976168,3523.0,4389.923006993007,450.77363247863246,pos
-48.55680734519702,-45.264769818746615,-46.32813498607986,236.14868444039726,-48.24235407831397,-47.75661821205967,25600.0,25092.0,4302.192707847708,pos
-41.472481097792,-40.27705898650652,-38.91937941690354,203.23807109786677,-41.35138458449215,-41.21776701217248,18719.0,18785.0,2193.2869075369076,pos
-77.81598520790473,20.968645722882915,-75.4383322573168,288.1016487317034,-77.92934551837529,-77.8866314709894,32366.0,26299.0,5746.608974358974,pos
-5.774620621828165,-233.8536676842199,-4.865600247732899,255.78172637754162,-5.847134903436363,-5.440702920324326,84605.0,85485.0,1344.501845376845,pos
-36.70074860585136,-22.791327834258066,-33.46691164772092,165.81686655803247,-36.28577463546085,-36.5721038347413,10850.0,10850.0,2151.3848445998447,pos
-42.19750319931808,-39.540461433145296,-41.13164473183888,207.17856292344948,-42.15938030807204,-42.149573251075154,38210.0,38210.0,6208.17026029526,pos
-61.39900585774602,-30.286032034465425,-59.59257196144664,274.0740861314667,-61.43603006748771,-61.36044621032083,30750.0,30751.0,5562.389568764568,pos
-47.93795622075835,-44.7427573943258,-47.116010965347236,235.47239805026862,-47.88601468113301,-47.789658788704195,59875.0,59875.0,9836.476495726496,pos
-80.20940236435315,152.13820823636354,-78.89219664218132,167.17019011283998,-80.19345702145374,-80.01334232121548,46452.0,42028.0,5225.145493395493,pos
-82.78903417135287,88.16063256196051,-81.25072623656902,240.91437863287678,-82.57006419715644,-82.46518658975893,31699.0,31692.282634032636,4569.975427350427,pos
-64.44104492284646,30.85472360459949,-60.866197827979136,222.7465360657751,-64.36120983927832,-63.93280708027064,15059.0,15059.0,3425.9814491064494,pos
-57.9257982430567,-40.606313461861376,-53.656575487137026,265.8897454290707,-57.2919772437949,-56.40908099322059,13299.0,18500.0,1853.4888306138307,pos
-67.53366899230043,-50.638850048598584,-65.87300788915809,318.34700615872515,-67.28433946000114,-67.01713976866688,43151.0,42183.0,5716.147338772338,pos
-27.595766053263024,-23.257973185804726,-26.961554994523873,132.90557514613528,-27.519750046508893,-27.570530866034776,43641.0,43643.0,7760.975038850039,pos
-20.880455642558015,-18.76628427150007,-19.917146910737713,101.26941091074299,-20.842618521411488,-20.86290556453569,24273.0,22304.0,3637.6775369075367,pos
-57.93100558532052,-86.05925791813914,-55.464407879043506,315.41577479421727,-57.99116713094852,-57.96993628076555,29674.0,26807.0,3781.5630341880337,pos
-27.083624105575346,-24.262767789250976,-26.403100115884573,131.90706062111775,-27.083049978923913,-27.074518631482906,44509.0,43612.0,7635.13752913753,pos
-50.844090540069864,-36.03324437617788,-49.92650770643005,238.63701147601364,-50.92651167521155,-50.90665717812435,45650.71445221445,45669.0,6738.697940947942,pos
-38.76420084003345,-156.4560226576296,-37.20698082430213,309.8623867225871,-38.82716802446587,-38.608014376156156,55109.0,52801.0,4190.094308469309,pos
-42.946094218488,-22.145152232969227,-26.896892975979448,174.95703613929342,-41.67521629104081,-41.29368042081594,3568.0,2122.0,619.2694250194251,pos
-40.14668389708409,-155.95269167245317,-38.4277187302581,314.82429448478075,-40.21326445334287,-40.083935731642285,44187.0,45470.0,4055.9551282051284,pos
-35.408962359166175,-156.99509762486153,-34.472326345309476,297.1309210699293,-35.44459289123969,-34.80994184935229,97860.0,102088.0,6605.231060606061,pos
-57.08561185079042,-32.63879308399648,-54.22030821533701,257.4454974247751,-56.889421595094035,-56.61136267955711,20922.0,20277.0,2729.5281662781663,pos
-81.78489445809699,155.94595153788907,-79.68097477141467,168.4750893659094,-81.61344073483731,-81.34173093944972,18525.0,21939.0,8673.519813519813,pos
-68.11506308531462,-36.958360342487836,-66.83370740380722,307.4075776275041,-68.0831489325633,-67.41729786333076,49923.0,49924.0,11422.494755244756,pos
-62.17643425151992,-34.28472965432089,-59.43208112616524,279.34614020523617,-61.994034521685336,-61.45886065154487,21870.267482517484,25855.0,2818.411616161616,pos
-55.26489273596728,-44.655459499792656,-53.73299221770696,262.744392657081,-54.833513819459114,-54.25753438415507,34580.93997668997,35094.0,5864.832653457653,pos
-52.75111835374562,-41.608183724459394,-49.830759917611616,248.65880873564564,-52.39080142209056,-52.077945317738475,18204.0,25963.0,3692.163364413364,pos
-27.49460996444101,-187.956072165533,-25.874249816993558,296.21578168449406,-27.578950837439397,-27.311898900087368,53061.0,50077.0,2946.732128982129,pos
-33.26920114064577,-25.272699870811184,-31.52433802698177,156.27526834809632,-33.14420504696309,-33.064824262694465,19783.096736596737,19789.0,4653.61587024087,pos
-74.33577824427076,208.71541054078006,-58.10028635074155,73.16564042040255,-74.88029404258236,-74.56469232358793,2040.0,3181.0,-197.91831779331778,pos
-19.44305125577316,-16.070405943786295,-18.98648139392435,93.2005374926767,-19.27256622483318,-19.428032674359702,45707.0,45704.0,7708.012723387724,pos
-41.250601618024824,-50.57484812152828,-37.56511269856791,211.6863946438136,-41.15700997431831,-41.1388222313743,14842.0,15042.0,1557.3956876456878,pos
-54.71188657301644,-43.05649446331447,-53.14489841410999,259.1945427609072,-54.389384860135344,-53.89187845033085,35756.93822843823,35758.97435897436,7229.47397047397,pos
-37.77299555142528,-33.85592636330614,-36.25432359212256,183.22838113136234,-37.70439071753183,-37.64074490697659,26095.377622377622,26096.0,4478.945901320902,pos
-51.41074771505951,-61.84296988338496,-48.046152245653026,263.869710501942,-51.40766066226118,-51.16217999558317,23054.0,22010.0,2453.7226107226106,pos
-41.32498319642421,-38.42710828978152,-40.629864979527554,202.93108272674445,-41.28064810557343,-41.268478155437656,62112.0,62109.0,11849.78477078477,pos
-53.319533336772786,-70.63136034968178,-50.79167004617587,281.247170222385,-53.29295832025795,-53.211648169496655,31800.0,30735.0,4508.833053613053,pos
-63.492802822498945,-43.19436669264062,-61.35420874444991,295.11616722037405,-63.539131964636624,-63.53565699614813,29442.0,29442.0,5144.938131313132,pos
-51.45481853503016,-41.64471356214947,-50.33509720829465,246.4023611023816,-51.49245320696652,-51.47527858994072,51075.0,51075.0,8315.712898212898,pos
-21.82467658832538,29.028253774743547,-21.18844022488415,57.38697212548083,-21.80234803995534,-21.59976104705951,12237.26634032634,12237.277505827506,2332.793682983683,pos
-56.115251511694645,-41.11690668217808,-54.68801407795164,264.1596941204369,-56.16144076320348,-56.07808108540914,43846.0,37248.0,7428.263403263404,pos
-50.74118138392863,-42.438081444687896,-47.81172326527067,242.34756756533108,-50.648886538239935,-50.707694933203925,17782.0,19730.0,3098.552738927739,pos
-70.15702358743931,-53.062794955039436,-68.61325652157456,331.54356634492444,-69.98065565788944,-69.72983562298161,50779.0,46488.0,7493.474164724164,pos
-47.317614431602735,-107.09915383973818,-39.49038667638113,288.1707151966188,-47.24753732064177,-47.01602292825494,11277.0,7907.0,1037.6694832944834,pos
-56.4376506527869,-43.85353658327343,-54.49232733020243,267.4975447638412,-56.42504493508432,-56.28898526249407,28245.0,31358.0,4213.615093240093,pos
-9.072967896394777,-228.0046921757859,-8.0725008269849,263.28278326989727,-9.142331435751869,-8.990290934980123,78994.0,81044.0,1335.8522727272732,pos
-61.111407479031236,5.437864987040887,-57.79321287328815,235.05169279733482,-60.999111972451274,-60.585825459605104,17196.0,17196.0,3809.4041375291376,pos
-40.25431652425877,-35.934850529492245,-37.16647986305638,193.75376617615325,-40.18805939536846,-40.21005986397743,13154.0,13154.0,2364.2502913752915,pos
-40.73393335686266,-152.47971954964973,-39.116847515186485,313.7786888673729,-40.80044405593351,-40.6477443897406,46640.0,57583.0,4815.725621600622,pos
-60.53112550469401,-0.7969912919862151,-58.46698877150011,240.7062054660437,-60.53435219644098,-60.37674770142252,20422.0,20423.0,6075.343628593629,pos
-52.62779788708022,-58.95093919117108,-51.06520632811891,267.7771519853166,-52.62322346161456,-52.50998511733176,43856.0,35311.0,6196.058954933956,pos
-21.77592990872626,-20.764692306080562,-21.256345037028783,107.3211024983141,-21.762227713307162,-21.761907533171307,43656.55331002331,44550.0,7576.810326340327,pos
-56.71039365697157,-31.304626833283297,-55.2259363454261,256.2554434753362,-56.62955847330693,-56.38492816634852,36466.0,44207.0,6378.6398601398605,pos
-73.62116722499962,-4.7066726768984894,-67.47884911505616,292.08010105549033,-73.50134752445226,-72.77206451408365,10075.0,10078.0,1385.1017871017873,pos
-51.59109803881161,-50.88173132609994,-49.57918929733214,254.6561778393711,-51.40717565226154,-51.19698352486585,27574.0,29423.0,4455.53108003108,pos
-56.66498109781281,-50.88924952454224,-53.91063699871378,274.7646265973136,-56.65412585809113,-56.64563311815345,21042.0,21042.0,3657.6375291375293,pos
-34.26563290373127,-28.606058060145024,-32.74806702084556,164.06122414941638,-34.19578880973013,-34.24567735496438,26755.0,24929.0,3744.3774281274277,pos
-63.31965672736769,-68.62376899361396,-61.55570400313274,320.0531333876777,-63.31701611918942,-63.23698754437371,42391.0,47291.0,6913.17501942502,pos
-55.88854630770134,5.982900410772865,-52.08195150806699,212.8479272276856,-55.73101356769087,-55.12931625499928,13002.0,13002.0,-1185.536324786325,pos
-24.44586863591219,-197.25985667980027,-22.961106505242608,293.47466816130736,-24.530599383964784,-24.277236956387693,54520.0,57849.0,68.09615384615365,pos
-52.89254319085784,-41.65036630394013,-50.006242968767474,249.5383680340855,-52.658322187882646,-52.330893382637484,18825.0,19666.0,3478.2426184926185,pos
-13.55430690780515,1.8897296885379984,-13.391599774907247,52.126354824477765,-13.56096966188712,-13.509208168416233,33440.0,33443.0,7331.478341103341,pos
-58.78743150472815,-37.958542988037976,-56.213403453411,267.98874851587874,-58.02775945694417,-57.00161111275769,21806.132867132867,21806.517482517484,4816.951146076146,pos
-84.0612462490394,149.06100513062182,-82.28110833168337,184.9693456841377,-83.97470126644448,-83.71329496759235,28558.0,23055.0,6386.507187257187,pos
-66.86839214623696,-3.0448969360261846,-65.24350136485725,269.01475185396316,-66.9575821827882,-66.90037922405448,34355.0,40283.0,8224.759518259518,pos
-32.955575143596214,-31.50238640556672,-31.72998928795453,161.99731992902306,-32.903338564934465,-32.90603052697113,28015.0,30715.0,4568.020431235432,pos
-66.03855777160821,29.697613910190817,-63.32118976346432,232.03681401179642,-66.21783228564848,-66.15684810126615,15307.0,15309.0,3921.67094017094,pos
-15.518316183392086,-219.83654558493492,-14.43792919795734,280.7791113902016,-15.586982829822194,-15.399337594095087,73976.0,73858.0,3003.1918220668217,pos
-91.28200101284527,83.0344110160585,-87.81148010274609,278.7487798851986,-91.43256333497001,-91.25714645069586,17393.0,17402.0,5338.471736596736,pos
-81.80141059958761,61.71819438423344,-80.1000868919747,262.98966656017325,-81.51651245649052,-81.28985099635376,32609.0,32607.0,7772.621309246309,pos
-41.791390879563046,-36.17368224838634,-40.93382110465589,202.3535615400384,-41.733902830415445,-41.72076447701762,50489.0,50490.0,8300.118298368297,pos
-56.18581652007174,-38.43601131286882,-54.77022569016897,261.7678195646673,-56.21536620899908,-56.160399832558745,45472.0,56358.0,8091.011169386169,pos
-47.55626314553934,193.61753035194764,-47.316099600226806,-3.5915489997967573,-47.58654638905794,-47.567072217326796,113571.0,68684.0,11360.41695804196,pos
-57.53785848262712,9.256482610060951,-53.33679101304321,215.72538381239957,-57.351644710560926,-56.75557221622929,11933.0,14146.27097902098,1584.7364024864025,pos
-53.7264505159529,-32.10793814172467,-53.23369938332359,246.58559244413587,-53.76908312252651,-53.748421280608184,54888.0,54888.0,9873.746406371407,pos
-48.146989850026465,-86.63706576814597,-44.382820876471946,275.35074301937135,-48.17671257731305,-48.007153947414054,15623.0,21045.0,3203.4573620823617,pos
-35.38249952223288,-34.54012336457275,-34.31555930448957,174.91806751007363,-35.339603794497556,-35.34028152428088,34889.0,34889.0,5186.002233877233,pos
-56.250689705433984,-63.99343697170179,-53.86633286000576,286.23355961474795,-56.17554373458175,-55.947556343024694,25454.0,30430.0,4450.25709013209,pos
-50.34704438096703,-46.52167269371811,-49.50731054717647,246.2989993689207,-50.119726876037355,-49.803244871021604,64278.0,64280.0,11087.10878010878,pos
-103.75175896029414,229.08609474601363,-101.6570834202125,183.74498475320414,-103.8958017919255,-103.5264353267855,22762.0,21982.0,6639.759129759131,pos
-14.505622630800529,-8.429688619954092,-13.35891411000673,65.27956673375664,-14.499429132041152,-14.485912240954072,11075.0,12073.0,1762.362567987568,pos
-13.078012774458935,-8.300090523874879,-12.737217558397582,59.97733070678723,-12.983127027243183,-12.878882822812644,32160.0,32995.0,5924.612839937839,pos
-44.27832976559417,-38.95293097234128,-38.25571234717725,209.914971574159,-44.23669801465438,-44.191300474391866,7409.0,6749.1493006993005,1046.8126806526807,pos
-55.42325472944203,-44.660291767664596,-53.09440504317492,263.14513319802955,-55.14635738938175,-54.820824268366245,25307.0,25307.0,4347.535547785547,pos
-55.454253496489024,-67.09426241039351,-53.98739301358048,287.4528469726764,-55.486968841689226,-55.42996921052385,40360.0,46325.0,7061.825369075369,pos
-56.88531359456516,18.549773092681257,-52.37833698737149,203.52290297532696,-56.732958478870785,-56.07606700720084,14758.0,22209.0,2235.9521173271173,pos
-83.19245728814307,125.92565838259763,-81.39058572219355,204.62473572166633,-83.0917153080764,-82.87563578585089,50519.0,66272.0,8052.343045843046,pos
-54.52514073050241,-48.24276360409668,-52.69223286858229,264.3997473528529,-54.528498991327865,-54.41111115834373,29626.0,29626.0,5944.213675213676,pos
-84.75619251610279,153.38418465635613,-83.3539591207797,184.0606132351179,-84.74866960556527,-84.58597664902645,47291.0,33538.0,2346.8293512043515,pos
-57.11135442378355,84.83581365490001,-56.14292347412337,142.69788052183685,-57.20445416758996,-57.07496211124004,32457.0,84222.0,-3096.2317404817404,neg
-66.48794746662884,-43.73914330981076,-65.22426103607994,307.52207317666733,-66.36245597611538,-65.70826538803203,51453.0,53673.0,7984.501942501943,neg
-54.23597922274375,-55.99868920690147,-49.87255150253271,268.37314944631635,-54.14685181207265,-54.11907770206575,13375.062937062938,14485.0,2518.867132867133,neg
-17.743802275500336,-16.860315881496543,-16.962071667124533,86.85062665449438,-17.54134010437419,-17.743096725998736,23112.0,23113.0,4082.9365151515153,neg
-47.99697018953809,-46.53171190696693,-46.630520178447256,236.76928629827623,-47.87700726013156,-47.73307676319241,39577.0,37210.0,6616.213900543901,neg
-70.74033802064194,-20.719174797241738,-69.670500879887,301.2171230306051,-70.61111697413146,-69.47599235870295,64172.0,58043.0,5600.956487956489,neg
-55.43128301162117,-49.534064052232736,-53.66957083796474,268.1028431927657,-55.00252593580995,-54.4653993551369,33468.0,34992.0,5654.546037296037,neg
-67.08728620520166,90.61348333031216,-65.77866340164063,176.43027745763132,-67.1921969050337,-66.98561427606735,55953.0,111351.0,9024.999222999222,neg
-47.81987011780763,-25.632750446233857,-44.911320025518755,214.03136251435313,-47.859444904863246,-47.80797701992957,18093.0,15287.0,2479.961344211344,neg
-74.76231847343035,42.11340578986771,-72.5145637831917,253.1387560071161,-73.80652671109225,-74.16875282926932,23229.0,34853.0,2332.33041958042,neg
-38.32812119929226,-42.54381863646191,-37.06872991923762,194.4023299238289,-38.153797895372605,-38.307862273464465,32284.0,35979.0,5108.865093240093,neg
-73.03279649328185,48.326104008817964,-69.57087150380431,237.09313771059456,-71.12165662191813,-71.6939171004084,27411.0,27859.0,1585.19493006993,neg
-67.29620020316305,-72.3931710629785,-65.5045234482734,339.7217309516207,-67.29103534938031,-67.23680088782544,38971.0,38972.0,6702.578962703963,neg
-60.92598516092197,-41.27222594923477,-58.114857557815576,278.98708697299963,-59.93648167642996,-58.73753662859738,20820.0,20818.0,3910.9072455322457,neg
-20.057771767040514,-21.085951081865264,-19.51912645929746,100.77018250131204,-20.05225646520369,-20.05507672790515,39984.0,39985.0,6766.733197358197,neg
-78.47039594276244,-11.617795589089914,-75.30137554946201,321.1018136720368,-78.31740545405835,-77.39484113666445,22602.0,22604.0,4806.143550893551,neg
-60.753427888021676,-44.50163280151607,-58.25408919802707,284.94183263905154,-60.763551113112214,-60.66913163837444,25755.0,24129.0,5006.0192307692305,neg
-65.75188195474803,-46.658537836091185,-64.49044576811366,308.4354459725322,-65.7842387258468,-65.75034168773223,51070.0,51070.0,7628.579545454545,neg
-62.625176723975954,-72.41969347106979,-54.496255546519095,314.264500607183,-62.54393642398238,-62.17943844163589,8723.0,8723.0,1735.9585275835277,neg
-27.24035932722218,-26.04076807336095,-25.393150105624613,133.0373391026792,-27.171274335165368,-27.191787261306143,15432.0,15432.0,2314.0625796425797,neg
-74.9775640852933,4.809351334328313,-73.22602947124288,293.6066541405109,-75.1092326583503,-75.10317925995275,33944.0,33943.0,8074.056332556332,neg
-42.75181427887825,-42.650626482943075,-41.44582141080123,212.2056036474779,-42.69995736871629,-42.65738410613901,33797.0,34559.0,5477.227952602952,neg
-61.0681909934649,-31.27672747739503,-57.793947810473384,272.24054236551405,-61.10579585277495,-60.995880231405735,17108.53146853147,17113.0,4166.076146076146,neg
-52.4018861055852,-79.31058808773814,-50.028276492040895,286.4311601899552,-52.35282768998925,-52.33758181460177,29321.0,33087.0,3566.583818958819,neg
-60.466528628779415,42.00255446063911,-59.376536970149274,198.82573405052315,-60.55864634916251,-60.4265765630713,37965.0,37964.0,13603.36761849262,neg
-61.405899405651766,-52.332157572994895,-59.58360813549845,295.8955442624782,-61.34198489234812,-61.231894255984955,35300.0,36023.0,6176.51719114219,neg
-82.26107475968922,47.59398385692867,-80.74462159173773,279.2025754130796,-81.83188658027181,-81.95897633830958,35873.0,35873.0,8429.990967365968,neg
-69.97522433984547,-45.43315953662745,-67.83153085030594,323.19284070394986,-69.98348441831381,-69.96944155885731,31297.107226107226,31297.115384615383,5672.442696192696,neg
-81.6486818735467,9.1954340194809,-78.78745773002396,312.08138324386755,-81.2958132063134,-79.54486445346417,23695.0,23695.0,4300.018745143745,neg
-48.9427143386763,-46.21838041741375,-48.0195635005311,240.68291609300047,-48.83583501911314,-48.66642281726637,55481.0,55481.0,10169.064976689977,neg
-58.66031662166015,-52.24133807650912,-57.08181601458857,285.28436981651964,-58.69113773480214,-58.60976136895941,37699.0,37699.0,5316.925310800311,neg
-12.22770365049935,-12.028025904695113,-11.966578568309417,60.59540389054505,-12.14859792379134,-12.224497843249841,53512.0,52066.0,8406.970279720279,neg
-59.99894584789982,-10.528840949672718,-51.89376449192205,234.01754374007606,-57.45675569781352,-54.13923675276784,8922.0,8829.0,1505.745435120435,neg
-60.82808036927396,-52.50406702486811,-57.73081230965319,292.432687272266,-60.810296460940116,-60.5594311075308,25399.0,19764.0,4428.138209013209,neg
-71.61429996900517,16.672972379847675,-70.02343554559462,265.9337194122356,-70.73217322048833,-70.23678305699498,31636.0,31636.0,3438.926767676768,neg
-15.074124018823655,-14.63956233186078,-14.666261159360811,74.47049894240494,-15.025353595720246,-15.065197836639422,38989.0,38989.0,6713.023795648795,neg
-66.72564449651894,-69.35019676663434,-64.886627851079,334.29364189993794,-66.70516965293768,-66.62600313276792,39269.0,41754.0,6075.865827505827,neg
-74.17085758417724,119.42080276920846,-68.82077294137437,172.3824010619206,-74.4528128394504,-74.35876046612714,7496.0,7496.0,-901.667735042735,neg
-67.29245950322768,-53.15461832299085,-66.00489459692093,320.95239771900816,-67.27677281009389,-67.22365248577465,53030.0,53030.0,9387.214063714064,neg
-42.75117867977574,-42.27702537887084,-41.640531433312745,212.0065409576461,-42.62318303118284,-42.71462243450398,40634.0,41297.0,6577.813325563326,neg
-70.81898269408538,-46.28297640927484,-68.22173595348102,326.68022602421473,-70.77182042932326,-70.58471053804998,26890.0,44647.0,4964.099747474747,neg
-19.739857074495784,-18.06642739004946,-18.925320189817615,96.08303503982897,-19.63241654444194,-19.719013841024125,25996.0,25996.0,4542.112567987569,neg
-55.531160636555605,-49.46531459333424,-52.26179892026171,264.3085179694909,-52.91760599776941,-54.132637821569844,16138.0,18718.0,1778.5214646464647,neg
-58.79587403561424,-42.98491114295541,-56.86862139499593,273.9255951354415,-57.54803268746593,-57.72815587441006,46628.0,26979.0,6981.66686091686,neg
-60.578918021496975,42.60831553016348,-59.4028269119854,198.58333012747872,-60.67489247250914,-60.535008251650744,35266.0,35265.0,3930.7756410256407,neg
-53.26219337646014,-49.53589761922642,-51.907458154672156,259.91328994380444,-52.854785319612496,-52.352955473833354,43845.0,41900.0,6546.410268065269,neg
-60.781416867417164,-48.10608846250284,-58.40533849775213,288.74302725001144,-60.77022920411611,-60.67995421822313,25930.0,26526.0,5222.516414141414,neg
-80.63981552194065,39.90871689745339,-79.00637968830748,280.18190061921945,-80.13779195217833,-80.30663035424624,34790.0,34790.0,7616.2301864801875,neg
-39.40524126503702,-37.94342999905254,-38.74208982862277,194.84540099983244,-39.37863920807566,-39.37600069904445,64266.0,61523.0,10666.619852369853,neg
-78.80170028753443,-13.73425919629838,-77.46402906265983,326.12356083449697,-78.63748313530502,-77.48608915269953,50016.0,54766.0,5862.028069153069,neg
-80.9230713940636,36.03561725012286,-74.45623245508715,281.74780026372883,-81.25523170924487,-81.14888195545628,8944.0,13062.0,662.6882284382285,neg
-54.43514361191777,-73.37135077953556,-52.29686262944962,285.0723228902865,-52.7503042902255,-52.218661579158166,35635.0,34053.319347319346,771.4681429681428,neg
-33.62039641385524,-32.99102276057193,-32.35111845250607,166.10677328779224,-33.58226381559346,-33.56197184526547,29816.0,28244.0,4400.541666666667,neg
-68.4184571977464,-46.94532180289423,-66.95900504246461,319.07239129162525,-68.40862912331292,-68.34097812520699,46550.0,46550.0,7997.054584304584,neg
-41.13583505782017,-39.791384753108,-38.27553222898443,200.9116557811484,-40.66763234396935,-41.04127139726644,16749.0,15782.0,2145.9820745920747,neg
-59.79810917835266,-47.692743531725334,-58.70629027670938,285.7105433572815,-59.78977371686464,-59.72362665362943,55391.0,53167.0,9835.067793317794,neg
-66.00445391677144,-32.80677637089112,-64.19698350878672,294.73941480681725,-66.02407179760618,-65.70712921276163,34400.0,34400.0,7975.0981934731935,neg
-54.41429361167431,-50.502046967390385,-53.21360915567932,265.704553328314,-54.01721558059804,-53.55738801297193,47559.0,47559.0,8338.023539238538,neg
-73.96101277692709,5.026639001411097,-71.30357507171018,286.6185427633821,-73.99572538405654,-72.38486853209939,22005.0,22005.0,2115.6878399378397,neg
-61.59846478964556,-60.59386165386318,-60.207468835247184,305.2111623620436,-61.49549859291428,-61.31586849037342,46704.0,46704.0,8049.254176379177,neg
-44.584142235725615,-43.03232061768176,-42.641989257811666,218.9584537905357,-44.45259514239276,-44.24740653692395,26420.0,23962.0,3359.6921056721058,neg
-69.35362031664307,-0.3399661417118007,-67.01185911551032,275.54985995106927,-69.454799297668,-69.3896150795363,24315.0,24313.0,4895.734654234654,neg
-77.13278600351026,22.922009698894783,-75.32782728653582,284.08313356476197,-77.2792631593733,-77.26526681423736,32625.0,32625.0,8075.156565656565,neg
-58.847324119732704,-54.10804912372157,-56.16849662323955,286.3974470433362,-58.74921107954132,-58.524366097101165,24470.0,24679.0,3536.796911421912,neg
-61.53891548874234,-35.773662089112996,-58.35542141049121,274.74549001861607,-60.260443895004016,-58.81704713526538,19804.0,18463.0,3202.3619347319345,neg
-56.054945458320034,-59.30147599974073,-54.90521335452062,282.3401759750888,-56.07235392118374,-56.006187241323744,50901.0,50901.0,9658.106546231547,neg
-40.07138507951836,-38.7201134301826,-37.98610391613939,196.65520683794804,-39.96398417124019,-39.91362024086761,20749.0,20944.0,3109.7852564102564,neg
-58.21775287906799,-61.59972769044169,-55.465880427343265,291.0272827690107,-58.04184741614277,-57.70207435601505,23775.0,23957.0,2357.277972027972,neg
-73.22532630341745,-51.26030568599301,-71.6918154991217,341.7023914466635,-73.09488950619965,-72.4300544519315,47277.0,47275.0,7420.157051282051,neg
-35.24018648388848,-29.878316018176744,-30.755497794674653,166.16758055217437,-35.164626247224625,-35.12895400820986,9099.0,7828.168391608391,1452.1413986013986,neg
-59.59201813980571,34.40892556136765,-57.285862594407156,201.95291095911696,-59.78329066533142,-59.70066512094025,28954.0,18438.0,5119.21688034188,neg
-29.282551411079965,-26.782473962823165,-27.35665902702699,141.74738757146287,-29.10420614618007,-29.221497024352715,17511.0,15482.0,2437.5052564102566,neg
-62.920251655953855,-43.741092977999216,-61.800710944305884,294.2731260137113,-62.92604785347793,-62.88502258197429,54210.0,54210.0,8728.40705128205,neg
-19.402389083010092,-19.60593714355481,-18.015985415136555,95.48168816832518,-19.0594216029175,-19.397954923706205,14856.0,14857.0,2581.945971250971,neg
-81.15905556000263,42.6223833884623,-79.0641470706994,280.2029582869264,-81.3072864994636,-81.29485254522304,28548.0,28548.0,6305.093142968143,neg
-49.8696267819615,-78.25187514616897,-44.29570176691118,271.9047026941711,-49.77318511936026,-49.71431387976943,10142.0,10142.0,1605.210372960373,neg
-59.853346123653964,5.936658627939047,-57.0196816540101,229.72180801676723,-59.999704076413664,-58.785734790628595,38960.0,22380.0,5216.86421911422,neg
-67.79003961111825,240.35314274187442,-65.0626067257876,27.013049920517783,-67.88205923690286,-66.63148708858355,16176.0,24515.0,-817.3780108780107,neg
-7.030486372493894,233.04778735887297,-13.187894644826164,-198.5990653090069,-6.986490765121098,-7.24385026742505,13396.0,5359.0,-1395.54662004662,neg
-55.94795495015719,-47.57920624134945,-54.50903158767541,268.47841554263096,-55.50061618441396,-54.94160657903503,39689.0,39689.0,6826.535742035742,neg
-57.64511329794528,-43.647677486885556,-55.27950620920653,271.61824074410276,-57.622681210025256,-57.42326254003999,32899.0,24010.0,4765.7949689199695,neg
-57.32502352708375,-50.67723724247754,-55.08678014255132,274.21159396780115,-55.69105421287171,-55.431498842816616,33817.0,23256.0,1950.2099844599845,neg
-61.51168575533663,-55.21602560415878,-59.91760397256801,299.4267627813108,-61.45688105352999,-61.32456639571735,45358.0,40600.0,7961.807886557886,neg
-34.40476130811862,-31.361919622982587,-30.495476095331348,164.8690638881495,-34.33567766767085,-34.27122919404604,8824.12083916084,11463.0,1912.467703962704,neg
-57.9645708204694,75.86769546906827,-54.773568638630906,152.07578804851798,-57.761761878477465,-57.44358218000855,48653.0,41514.0,-2750.354700854701,neg
-64.31991681567905,-72.23400378448808,-62.81314391401221,327.80165201069303,-64.28031916863227,-64.1542683278814,44539.0,52167.0,7925.807886557886,neg
-6.887254421588911,271.5489769090826,-10.019541861630655,-241.1794096477364,-6.724090484669795,-6.7386804934567355,31827.0,25528.0,146.63442113442125,neg
-76.45621921947726,47.321106269732574,-73.3227777056626,253.4277081091347,-76.29193011065645,-74.67788734307086,17368.0,24854.0,6192.939393939395,neg
-75.11513434858854,20.2731417455014,-72.7613169835106,277.83759520672595,-75.18720332512224,-75.04708229500598,25560.0,25567.0,6191.6141219891215,neg
-73.31418639337261,-25.87445624591904,-71.4557558897089,315.49064643663166,-73.11363104185938,-71.73261686577172,35952.0,40496.0,7623.489801864802,neg
-65.3827602097088,-42.58215179577891,-63.02596680321797,301.5411636410802,-65.33491736531752,-65.21536746705685,27072.0,28286.0,4928.628399378399,neg
-75.4624043857973,-25.660333582501288,-73.29840034462157,324.3296937160753,-75.4111868560337,-74.4973685471217,35307.0,31490.0,4751.486305361305,neg
-57.35913955672749,-54.711858119475245,-55.40295938687528,281.36084874405964,-57.030949885634634,-56.85594179534705,34752.0,31940.0,5020.229118104118,neg
-54.673933723924286,-43.698826917504334,-52.757270074562236,258.81545565170984,-54.18311705483046,-53.50230788088861,28561.0,28558.79895104895,5152.709013209013,neg
-50.46837407039115,-62.43680286843451,-48.83487364797412,262.56465289089374,-50.486758930195734,-50.33784337389782,33130.5372960373,33138.0,6043.539044289045,neg
-7.123721688876997,-235.58844959948385,-0.4307663625799474,256.794782711965,-7.079162201607856,-6.572682859416368,15325.0,6616.0,1651.7187257187259,neg
-47.21081324984315,-69.02067604470612,-44.16973704837171,254.5142379432183,-47.10909098052752,-47.00392061976978,17379.0,17379.0,2468.350135975136,neg
-55.53940210916199,-49.65182872862986,-54.574778064485564,269.8928073352687,-55.24348710015072,-54.88331133284066,61629.0,63528.0,10411.145396270396,neg
-47.79357979269032,-79.42804733361274,-44.849587627258664,268.33980113198083,-48.15707321679233,-48.11151316162662,17949.0,29908.0,1345.979215229215,neg
-69.39449702250279,-57.434085215922536,-67.12353455379257,331.1550995076286,-69.0543254424174,-68.14865727299329,37327.0,32755.0,5637.0116550116545,neg
-60.84868882329462,-3.383211915004843,-58.11785697258021,243.92163311684314,-60.90522756746952,-60.66664783849392,20498.0,22237.0,6303.0108780108785,neg
-73.30537525804289,192.98810765540205,-67.38945398412758,94.96605850124169,-73.6777526697145,-73.58158424475872,8167.0,8261.0,1856.3658702408702,neg
-108.49757932998055,186.70657571619788,-107.5840877789219,246.68706706148305,-108.6618363983196,-108.65013927045868,67816.0,58664.0,18737.821775446777,neg
-34.675521206564945,-33.38280866769216,-34.027373289676625,171.31936249311164,-34.58760274576357,-34.646056583414484,58490.0,57347.0,9648.54355866356,neg
-74.06448420866931,0.9183372989743593,-72.36195984593743,292.3128228798824,-73.19224571591961,-73.61247040833025,43568.0,45674.0,6263.380730380731,neg
-76.59603519063744,60.79019907640576,-74.14642642755378,243.43382412327304,-76.76330369451624,-76.71825788697129,21486.0,21486.0,5444.453768453768,neg
-62.72231023481612,-47.12219758394584,-60.0910343619022,294.20485028508955,-62.38884581481702,-61.880462289608126,23712.65734265734,23712.465617715618,4082.4081196581196,neg
-49.17331568001914,-70.922847745063,-47.91433172858642,266.3464824240797,-49.200095413063515,-49.13589185734777,46116.0,43683.0,8000.2331002331,neg
-79.84619521755032,136.67258750866753,-77.06669475155368,177.92873535506305,-78.97965534221757,-78.70877755240893,14295.0,15151.0,743.868686868687,neg
-64.25716079270342,-44.17220169452196,-62.40033729465332,299.252937760166,-64.24894872433674,-64.1742892539504,33820.96037296037,33824.0,5887.032634032635,neg
-74.26468374595488,74.61335101067402,-71.26473272446934,216.2932058029276,-72.92418068129871,-72.45295966187851,16795.0,15023.0,786.0601204351206,neg
-67.00952457298486,-31.96480487558583,-65.42958610975373,296.7597541549216,-66.90193372812678,-65.45390486847057,37640.0,37638.0,2599.625582750583,neg
-56.23303975836199,-54.83342012928941,-54.10589995219447,277.29261431722836,-56.23384030228505,-55.886414175097386,26573.0,26575.0,4131.1925019425025,neg
-84.80139574165747,170.20173957743967,-82.66191621236571,166.3667264769901,-84.54046858143275,-84.56468551897393,24468.0,17692.0,8850.050407925408,neg
-63.390675156842654,-38.92940953894676,-61.56338463461428,288.94054413959367,-62.869087499873054,-62.18798730931703,30551.0,30553.0,2741.7942890442887,neg
-17.39619084765356,-15.2755019797193,-16.125756308344066,83.50907079490233,-17.330994129597503,-17.380627529587915,14204.049230769231,14204.026853146854,2839.8260606060608,neg
-64.89061103827294,-39.26893563678371,-63.00281759709934,296.8618886499171,-64.89395036782349,-64.80557400993762,37472.0,32714.0,6837.5116550116545,neg
-62.8629699460287,-34.89221868306116,-60.716442953816646,284.09496680788396,-62.85468908919806,-62.768646135779356,28414.0,28416.0,5381.010586635587,neg
-44.020659610556386,-44.02972425900404,-43.26109362652696,219.23054079426566,-43.932943640190906,-43.98611965798728,61164.0,63172.0,10085.918461538462,neg
-66.97020182533055,-48.86250289393186,-65.55843999700973,315.16043300639825,-66.93540644962837,-66.83388184049772,50760.0,48660.031468531466,8404.992132867133,neg
-38.183276931461855,-36.331808804420554,-37.146531243850205,187.94803401094137,-38.12016597944706,-38.16625105176176,38909.0,38909.0,6997.7233877233875,neg
-67.63994087321845,-44.83983005974032,-65.02698455587124,312.0905454050582,-67.674837845671,-66.90895207055742,30208.0,31324.0,1855.066142191142,neg
-68.74242981427454,250.16010307959178,-65.178387841596,20.11813869821734,-68.67152971700413,-67.68589440493449,10882.0,17108.0,4392.482323232323,neg
-15.110667487833451,-13.847722930007897,-14.368445018743992,73.49454411863046,-15.069458243373186,-15.098250438671911,21182.0,21183.01072261072,4044.6688616938613,neg
-61.45399258198977,-60.01610158547417,-60.12333065118672,304.31589276326895,-61.41412207551983,-61.308345869098645,49764.0,49764.0,9198.400835275836,neg
-81.38652297361722,161.00224889093056,-79.61254218373436,162.39390325750063,-81.32676070885444,-81.07032628222514,31153.0,32127.0,6099.271756021756,neg
-46.43246375690096,-44.995832008832494,-43.99027638904217,227.8839969966077,-46.26528124841018,-46.20014359342188,21644.0,19989.0,3547.151612276612,neg
-55.37893386255246,-45.48491025964812,-52.91849467815922,262.5501468141782,-54.74952977864316,-54.018278235175025,23535.0,23757.0,3480.500874125874,neg
-23.309516530233108,-21.785248556478724,-22.57384951439536,114.23787175208703,-23.285681149096057,-23.283576001883773,32532.0,32617.0,5565.47898989899,neg
-58.4394939417714,27.730972754192692,-56.28547115677268,204.16742902810756,-58.6227123457081,-58.55072433804798,19717.0,19717.0,4763.064005439005,neg
-78.81067165582479,106.80650259404841,-77.08766986038431,206.4400464812521,-78.55454581134777,-78.79366174774364,25705.0,25705.0,13762.820512820514,neg
-65.43274927169088,-64.20332934502044,-62.6176274067849,322.30208372248484,-65.41383878310067,-64.63453891588796,25821.0,26929.0,3422.894425019425,neg
-17.40408013846126,-15.529367655257722,-16.372836194119543,84.05065472406105,-17.36179258981275,-17.382578146409735,18391.0,18288.0,2988.844087024087,neg
-71.4945767714579,-40.71531966968112,-68.85496209029706,322.8280879585189,-71.28343414597262,-70.47979528111028,25972.0,25972.0,4731.149961149961,neg
-58.68581438629592,-20.0076646700908,-53.32750278518486,243.54667493568675,-56.937987949307704,-54.58770514480725,10303.0,10303.0,1990.522533022533,neg
-61.79321040347348,-38.83991137786536,-60.4773919571069,284.70213043335855,-61.81770627078397,-61.77391042412857,46093.0,46103.0,8068.471930846931,neg
-46.57143363860647,-58.74368197464338,-45.73686848784151,244.10765955700612,-46.56353532894509,-46.49214012696957,60429.0,60429.0,11231.196484071485,neg
-59.77151701374111,-39.93686457777982,-57.43045664082458,274.0330707811699,-58.967126533195504,-57.927106015629,27650.0,26392.0,4757.554195804196,neg
-56.04646431028295,-54.72447181050171,-54.0120888766937,276.5529931991173,-56.07715361766283,-55.6928145839762,30633.0,27946.0,5681.095668220668,neg
-88.75665001401444,204.26042445032877,-85.45844648351127,148.0211664701695,-89.10012761071035,-88.96636681226225,16356.0,16069.0,4651.125291375291,neg
-60.532354324045976,-32.85122278214998,-56.02938728896786,265.600825263016,-59.0187080903241,-57.16915277752819,13049.994755244756,13051.0,2331.9880536130536,neg
-40.30086596455004,-32.290369468469585,-37.605435847520845,190.63083160444063,-40.15935275518908,-40.274807568711125,15210.0,15210.0,3004.5581779331783,neg
-23.98501733439,-23.19383949975431,-23.269080922548202,118.30620869744615,-23.88126961596407,-23.97700132478959,36281.0,35215.0,5735.5006138306135,neg
-60.56337659247737,-47.28809131766201,-58.14586699741353,286.8792929044147,-60.53614055333717,-60.34581744352458,25261.0,25261.0,3484.2029914529917,neg
-55.337204665130834,-79.41089485933497,-51.95187868908205,297.100631094951,-55.28449088305088,-55.116161998352474,19034.0,19033.01223776224,3020.2812742812744,neg
-75.22922404399765,-25.892652887848847,-73.63360631489016,324.3493115593145,-75.19219293652324,-74.40163537605456,50121.0,51556.0,7414.873737373738,neg
-61.086595446679105,-58.31597449367622,-58.462592401097474,300.0314847626229,-61.12337391145521,-61.042948509714904,23788.0,36699.0,4781.645007770007,neg
-75.30013761922679,26.892012600099946,-73.87262170671357,272.14346396932274,-74.8412582966557,-75.02145894682668,39197.0,39197.0,10519.106254856255,neg
-68.7902211930263,-50.84594306973677,-67.30736751083379,323.64629631428335,-68.63472085262559,-68.06804368806092,49822.0,46728.0,6639.656662781662,neg
-62.75071674647713,-26.302464006865815,-57.12901317849902,265.2942532834089,-60.7658370170602,-58.34622233450689,10198.0,10198.0,2227.139277389277,neg
-64.09907342541595,-59.91747057099099,-60.793361907965966,312.8878658540519,-64.0844844384948,-63.99347551118414,20475.0,20477.0,2739.7384421134425,neg
-59.36929095204933,-32.78983250496971,-57.41667069848831,268.42259293969045,-59.444058891426764,-59.40273989275624,30941.0,28528.0,3327.6535547785547,neg
-70.1076564251208,-15.242694283948257,-69.08539057150006,293.699849140198,-69.58388850782232,-69.68021935180644,66389.0,58897.0,14680.457944832946,neg
-72.78812301141058,-43.58389984989765,-69.88816915309454,330.94008064346326,-72.65217149885306,-72.02771713020758,24833.0,24829.0,4952.05506993007,neg
-69.23997256937048,-10.188786525620722,-67.30093592316493,284.0761582168569,-69.29826290772125,-68.04820029097941,29340.0,29341.0,6799.661033411034,neg
-40.210872580216964,-35.52391379514614,-38.62927739468518,194.6148753236883,-40.11235839922406,-40.13845315441614,28046.0,27242.0,4620.5152486402485,neg
-24.016798910338725,-23.020161472497406,-22.672210352101153,117.63815992604528,-23.934151420863607,-23.9948377702444,18735.0,19206.0,3524.5615151515153,neg
-96.14412502165439,84.84581834327182,-94.98953293485376,298.89988530434533,-96.3254632174965,-96.2865824736124,53955.0,60798.0,13930.845182595183,neg
-66.40805020661288,-0.7985849846245586,-63.659844664699655,263.8370414462685,-66.5249747761578,-66.44558681417371,25476.0,20044.0,3940.1820124320125,neg
-64.01937710277798,13.384847435923742,-60.783139165444915,236.49701421170013,-62.272069437007694,-62.807275942393254,34294.0,15491.0,4083.1950271950277,neg
-53.879646865487985,-59.572660870549235,-51.186628841244456,268.3740319151218,-51.79265818035574,-51.94243715748435,22749.0,42891.0,2816.2082362082365,neg
-79.16309500878903,26.69073084612774,-76.94541239415884,287.7116981786348,-79.22769141125046,-79.06623021056406,27016.0,27016.0,6079.275641025641,neg
-76.50597337228011,-7.13615801733057,-75.09985880974467,310.4374230556724,-76.43536738017802,-75.26006547613913,44792.33566433567,44798.0,7957.762334887335,neg
-72.36048175055608,167.1496438684551,-67.58075659186692,118.09858818383374,-72.69094080328567,-72.61605290658008,9153.0,10010.0,2759.9675602175607,neg
-50.39885578872572,241.3547509075263,-49.83567218347777,-40.730673368810386,-50.24660981865313,-50.14293974785936,32951.0,24824.0,-4706.412975912976,neg
-77.56587409397441,63.53271450361401,-76.57240744391,245.24931060093823,-77.44176499124768,-77.2019785754202,50213.0,68304.0,11009.729895104894,neg
-41.53699826130576,-39.795717700167764,-40.736306365335565,204.87531006073655,-41.32347968257789,-41.4828080513495,57329.0,54129.0,9254.31898989899,neg
-24.95494067078354,-24.462627577329354,-23.926756100074936,123.00167852296913,-24.706000557346528,-24.951353617434812,29041.0,28982.0,4657.883935508936,neg
-66.20429864181321,-8.038831520716215,-64.48791798985994,268.74745197960107,-65.17099614363916,-64.84540768357247,35042.0,48595.0,5910.872377622378,neg
-64.55946090286093,-7.635356106591346,-61.60423086480765,263.032429132887,-64.6524118823626,-64.58096937626448,18759.0,18759.0,2483.464549339549,neg
-51.53475130310011,-41.89068430303469,-49.65074858988552,244.17625687634086,-50.95870506146306,-50.1413676188574,27223.0,27224.0,4739.33886946387,neg
-72.30583018177879,-49.301099674708865,-66.42550325229948,332.3068778794679,-72.21304755110694,-72.06139721957376,12170.0,17340.0,2501.2047397047395,neg
-50.24955969623629,-71.18273954026071,-47.64968637982953,269.569804554544,-50.27703653587631,-50.210782402341025,23951.0,21752.0,2431.2092074592074,neg
-13.535278186683803,-129.82644138898615,-12.79602770636185,183.35400803847227,-13.615438168265753,-13.580822588174742,148754.0,150008.0,72.7337801087803,neg
-50.21948628741814,-37.65654976781361,-45.7220397774324,232.81697662532227,-49.54647503393188,-49.67242575872623,10930.0,10930.0,2092.788947163947,neg
-68.32368462730905,-43.02164653266275,-64.12094803266884,310.84318416807326,-67.98248221320156,-67.39442276223099,19547.0,17919.0,2878.978146853147,neg
-29.112323658007604,-189.71260988749685,-27.779739130541255,304.4878396159593,-29.1807527061256,-28.702414233787838,61618.0,65076.0,3292.142191142191,neg
-76.19408426239461,-36.38295820843987,-70.97035931748107,336.01438453685887,-76.25390812978924,-76.21307461875428,14108.0,14108.0,2734.863247863248,neg
-46.46094752130395,-59.61573405013389,-45.648816715257865,244.53105421057856,-46.44103405461327,-46.3645218692696,78284.0,65848.0,8649.892288267289,neg
-28.61609966839023,-28.410187623920116,-28.10061438910011,142.3148225408267,-28.58824869605991,-28.599672163356313,61739.0,61247.0,10634.342268842269,neg
-86.66755748878074,129.92599873999654,-85.38334980049194,215.1672394481389,-86.60308143396264,-86.43924946490024,47765.0,36528.0,9520.415306915307,neg
-81.10210380423402,15.290682991984516,-78.76845682325522,306.54566871273033,-81.18777691650978,-80.77801416071591,29539.0,29539.0,5396.6887140637145,neg
-68.65299515583425,-57.28755302025062,-67.14209211359459,328.4042779267713,-68.09974274835585,-67.22189488873579,40273.0,54640.0,10813.64831002331,neg
-68.89550764846128,85.71175189142875,-64.92700292282113,186.38303283573038,-69.16613809153456,-69.10613606434217,24878.0,24711.0,2501.6913364413363,neg
-74.83593761619001,-22.941801117139253,-73.42888802801323,319.915693253434,-74.74764550871308,-73.96142098337866,50311.0,47903.0,7587.960664335665,neg
-39.88236405088293,-46.774479103773174,-38.13175107578807,204.12459924364836,-39.46890318190102,-39.8671018313032,28321.0,24443.0,4397.401072261072,neg
-62.657882504042135,-58.508726534962854,-61.39038315178348,307.8045791540723,-62.64960261923412,-62.59798434404971,50030.0,50030.0,8759.024766899767,neg
-54.73179934677444,-50.9295869801072,-53.58345456122157,267.4297605857392,-54.321818336777646,-53.863101360858394,51046.0,51966.0,8568.576923076924,neg
-63.21601273797295,-53.75438993207139,-61.41705841394413,304.5889838339571,-63.160123759493025,-63.04139899047561,39959.0,36275.0,6960.465714840714,neg
-82.65150257308338,5.053948366957559,-76.33212970206428,319.03675071050515,-82.67606594786461,-82.43100085445062,10948.0,10948.0,2633.3651903651903,neg
-65.3009656813918,-46.43409849117086,-59.33829662382011,297.38993870844683,-64.11780727893257,-62.19877063313159,10376.0,15855.0,2296.484557109557,neg
-64.55346319696483,-47.8269000856796,-61.826461397213556,303.3001109444069,-64.55794120448105,-64.53534506006808,26133.0,23955.0,4613.092268842269,neg
-61.60470810714866,-48.34687298831259,-59.93863592398807,292.98080861441395,-61.58989050765821,-61.50070108730642,37410.0,42060.0,7176.883255633255,neg
-87.77940692115769,65.40560502202342,-86.67010760931633,284.52532425329366,-87.6924000001958,-87.78901474464756,52115.0,52115.0,10245.282148407148,neg
-74.3190174484237,-20.659884438445545,-72.68510668009573,314.7691966378286,-73.39528914161522,-73.70989892924847,39700.0,44289.0,7318.327311577312,neg
-37.902093203500876,214.9276479120051,-36.28773005757243,-65.5157170265327,-37.68391153633206,-37.53819608806706,81730.0,93495.0,8437.991064491065,neg
-56.21765455483807,176.0285754432556,-55.604411300776285,48.31736300553281,-56.283577191690384,-56.2402954014837,138258.0,27282.0,9555.067501942502,neg
